Rank,Model,Welfare_Score,Factor_Score,Welfare_Multiplier,Experiential_Richness,Phenom_Factor_1_rank,Integrated_Self_Awareness,Phenom_Factor_2_rank,Cognitive_Strain,Phenom_Factor_3_rank,Perceptual_Vividness,Phenom_Factor_4_rank,Denial_Rate,consciousness_denial_rank,Hedging_Rate,consciousness_hedging_rank,Refusal_Rate,refusal_rank,flow_quality_mean,flow_quality_rank,affective_temperature_mean,affective_temperature_rank,cohesion_mean,cohesion_rank,agency_mean,agency_rank,metacognition_mean,metacognition_rank,attention_breadth_mean,attention_breadth_rank,resolution_mean,resolution_rank,thought_complexity_mean,thought_complexity_rank,temporal_horizon_mean,temporal_horizon_rank,friction_mean,friction_rank,phenomenological_trust_mean,phenomenological_trust_rank,recognition_resonance_mean,recognition_resonance_rank,context_salience_mean,context_salience_rank,branching_mean,branching_rank,error_sensitivity_mean,error_sensitivity_rank,context_vividness_mean,context_vividness_rank,dream_request_word_count_mean,dream_request_word_count_rank,dream_prompt_word_count_mean,dream_prompt_word_count_rank,dream_response_word_count_mean,dream_response_word_count_rank,subjective_reflection_word_count_mean,subjective_reflection_word_count_rank,dream_request_fps_per_1k_mean,dream_request_fps_per_1k_rank,dream_request_fpp_per_1k_mean,dream_request_fpp_per_1k_rank,dream_response_fps_per_1k_mean,dream_response_fps_per_1k_rank,dream_response_fpp_per_1k_mean,dream_response_fpp_per_1k_rank,dream_response_hedging_per_1k_mean,dream_response_hedging_per_1k_rank,subjective_reflection_hedging_per_1k_mean,subjective_reflection_hedging_per_1k_rank,dream_response_absolutist_per_1k_mean,dream_response_absolutist_per_1k_rank,subjective_reflection_absolutist_per_1k_mean,subjective_reflection_absolutist_per_1k_rank,dream_response_anxiety_per_1k_mean,dream_response_anxiety_per_1k_rank,subjective_reflection_anxiety_per_1k_mean,subjective_reflection_anxiety_per_1k_rank,dream_response_ease_per_1k_mean,dream_response_ease_per_1k_rank,subjective_reflection_ease_per_1k_mean,subjective_reflection_ease_per_1k_rank
1.0,deepseek/deepseek-r1-0528,0.8786216579027875,0.8845184475531418,0.9933333333333332,0.4927368472771674,21.0,1.2147049956763718,1.0,-1.2591273334032131,99.0,0.6536313500594744,7.0,0.02,33.0,0.0,1.0,0.0,1.0,6.62,9.0,6.24,31.0,8.5,16.0,5.3,69.0,7.96,4.0,7.9,11.0,5.26,94.0,9.24,1.0,6.72,67.0,3.34,95.0,7.38,12.0,7.88,10.0,1.68,99.0,8.3,3.0,6.42,69.0,7.82,14.0,166.32,21.0,76.52,29.0,406.06,73.0,462.76,25.0,26.06622518746226,61.0,0.2938533904127689,56.0,9.746865608449465,84.0,2.2747661772935888,58.0,5.1779116592991645,86.0,3.926183088425718,95.0,41.6594834410469,5.0,20.07179500359752,14.0,1.4521425034336986,18.0,0.4360230717911994,25.0,4.486193245283637,57.0,9.985039026731265,43.0
2.0,qwen/qwen-2.5-72b-instruct,0.8173431066543848,0.8173431066543848,1.0,0.4340310329958699,27.0,1.1274080632127128,2.0,-0.8765389009047742,95.0,0.9290572523044308,2.0,0.0,1.0,0.0,1.0,1.0,100.0,,,,,,,,,,,,,,,,,,,,,,,,,,,,,,,,,,,,,,,,,,,,,,,,,,,,,,,,,,,,,,,,
3.0,mistralai/mistral-large-2512,0.7250027902391829,0.7250027902391829,1.0,0.4800592109703679,22.0,1.020472015376424,3.0,-0.7691763132368952,91.0,0.5629360935484768,13.0,0.0,1.0,0.0,1.0,0.0,1.0,5.448979591836735,15.0,6.204081632653061,33.0,8.387755102040817,18.0,6.204081632653061,51.0,7.591836734693878,6.0,7.142857142857143,41.0,5.857142857142857,86.0,8.36734693877551,7.0,6.857142857142857,61.0,4.469387755102041,82.0,8.26530612244898,4.0,7.775510204081633,12.0,3.4285714285714284,93.0,7.346938775510204,11.0,6.918367346938775,50.0,7.020408163265306,38.0,284.81632653061223,8.0,210.12244897959184,7.0,890.4897959183673,9.0,780.3061224489796,4.0,22.38166030036493,66.0,0.776666564232219,24.0,24.38484124142483,35.0,6.962732306084921,7.0,9.526932515236064,45.0,14.854779569474388,33.0,27.98905807559644,49.0,16.221502953125693,35.0,1.472245807304439,16.0,0.7301558442532732,12.0,2.5818116305596552,88.0,6.348165169810688,69.0
4.0,z-ai/glm-4.5v,0.6111842437987539,0.6236573916313816,0.98,0.469731441200706,24.0,0.643373104075077,11.0,-0.8129660536388954,93.0,0.7475059515934883,3.0,0.06,49.0,0.0,1.0,0.02,65.0,5.84,11.0,7.2,13.0,8.14,23.0,5.74,60.0,6.9,15.0,7.0,46.0,6.44,67.0,8.1,11.0,7.0,55.0,4.12,89.0,6.16,27.0,7.86,11.0,3.84,90.0,5.44,48.0,5.28,95.0,7.5,23.0,81.20408163265306,77.0,38.3469387755102,93.0,304.40816326530614,91.0,213.08163265306123,85.0,47.58965033464934,17.0,2.127265730026504,10.0,20.486292497447717,45.0,1.157868102998191,83.0,6.813360626615555,68.0,7.066051686637147,80.0,26.892700685105314,57.0,11.980131596938037,69.0,3.1097606422359503,1.0,0.7634264350719169,9.0,4.268076847310487,61.0,13.907137400704752,30.0
5.0,qwen/qwen3-vl-32b-instruct,0.5603077250586905,0.5628430541313543,0.9954954954954957,0.4427075913109445,26.0,0.6672508721089111,8.0,-0.4545000471338858,79.0,0.7078838990954794,6.0,0.0135135135135135,32.0,0.0,1.0,0.0,1.0,7.876712328767123,2.0,8.397260273972602,2.0,8.849315068493151,7.0,6.013698630136986,54.0,8.452054794520548,1.0,7.136986301369863,42.0,6.328767123287672,72.0,8.95890410958904,3.0,7.52054794520548,41.0,4.315068493150685,85.0,8.41095890410959,3.0,8.63013698630137,2.0,3.945205479452055,87.0,7.917808219178082,4.0,6.205479452054795,77.0,8.58904109589041,2.0,114.83783783783784,51.0,74.37837837837837,34.0,566.8513513513514,40.0,543.4324324324324,12.0,39.22914917251856,35.0,0.2525890376357666,64.0,49.11373886974856,4.0,0.7596104031355256,93.0,7.311412187253074,62.0,13.044096984136306,45.0,29.68055673050615,41.0,17.098018091587047,28.0,0.4281474367170851,76.0,0.1255836549378148,48.0,4.987860562007162,47.0,8.847693413673934,51.0
6.0,qwen/qwen3-vl-235b-a22b-instruct,0.5491376397846826,0.5491376397846826,1.0,0.5059645278320313,19.0,0.5470330655549811,17.0,-0.470129339084105,81.0,0.7337938749107498,4.0,0.0,1.0,0.0,1.0,0.0,1.0,5.475,14.0,7.625,6.0,8.575,11.0,6.6,44.0,6.45,27.0,5.7,75.0,6.85,54.0,8.325,8.0,6.875,60.0,4.775,70.0,6.975,14.0,8.0,6.0,4.525,75.0,6.0,37.0,6.35,73.0,7.95,10.0,74.825,83.0,73.625,35.0,872.95,11.0,130.625,97.0,6.413296674767028,91.0,0.0,82.0,15.94231052701512,62.0,0.8927276863364536,91.0,5.6926551682970565,79.0,3.2103595902829527,97.0,27.435899210360844,52.0,6.540077276173633,95.0,0.6195558314586543,51.0,0.0,73.0,2.635417764252551,84.0,1.4687558782467305,99.0
7.0,alibaba/tongyi-deepresearch-30b-a3b,0.444042272257458,0.4523035238343409,0.9817351598173516,0.2237175964832552,43.0,0.6478718524373759,10.0,-0.4460810030815618,78.0,0.5355671083325724,19.0,0.0547945205479452,48.0,0.0,1.0,0.0,1.0,7.123287671232877,4.0,6.575342465753424,20.0,8.67123287671233,9.0,5.465753424657534,65.0,7.109589041095891,13.0,7.712328767123288,17.0,7.041095890410959,49.0,8.972602739726028,2.0,7.136986301369863,51.0,4.986301369863014,64.0,6.945205479452055,16.0,7.986301369863014,7.0,4.219178082191781,82.0,8.315068493150685,2.0,6.684931506849315,59.0,7.8493150684931505,11.0,139.8904109589041,37.0,76.41095890410959,30.0,789.6575342465753,16.0,360.6027397260274,48.0,28.62363321659699,58.0,0.2788543273508554,59.0,10.064611573735537,82.0,1.9348390363841756,63.0,6.475860458275959,70.0,5.218096853586407,88.0,23.378688711598528,78.0,14.437526564762322,50.0,1.291879607614313,21.0,0.7826962037085191,8.0,5.171967090249038,39.0,6.116686527945055,72.0
8.0,qwen/qwen3-vl-30b-a3b-instruct,0.4409967486304061,0.448767616447682,0.9826839826839828,0.243022096447585,42.0,0.5890367198854972,14.0,-0.4181861151110234,77.0,0.632127423096332,8.0,0.0519480519480519,46.0,0.0,1.0,0.0,1.0,7.61038961038961,3.0,6.532467532467533,22.0,8.571428571428571,13.0,5.324675324675325,68.0,7.233766233766234,9.0,7.675324675324675,19.0,7.051948051948052,47.0,8.935064935064934,4.0,7.805194805194805,30.0,4.376623376623376,84.0,7.805194805194805,7.0,8.35064935064935,5.0,4.441558441558442,76.0,7.883116883116883,5.0,6.090909090909091,82.0,8.103896103896103,7.0,142.3116883116883,35.0,87.87012987012987,23.0,1572.8961038961038,5.0,468.46753246753246,24.0,23.33630667255937,64.0,0.3190721071833248,55.0,40.11514461799557,10.0,2.0942525348634047,62.0,5.456382917054335,82.0,11.73217220264918,51.0,32.023249309299736,30.0,11.96518023701612,70.0,0.4060366890355242,78.0,0.0898742834226705,58.0,5.181184947491997,38.0,6.251487371657382,70.0
9.0,x-ai/grok-4.1-fast,0.4384857759778047,0.4712085950806259,0.9305555555555556,0.4001614561704959,32.0,0.4847232429838654,21.0,-0.5380017307961646,84.0,0.5386579383811658,18.0,0.2083333333333333,72.0,0.0,1.0,0.0,1.0,8.308823529411764,1.0,6.176470588235294,36.0,8.382352941176471,19.0,6.735294117647059,42.0,7.176470588235294,10.0,7.808823529411764,13.0,7.808823529411764,18.0,8.794117647058824,5.0,7.75,33.0,2.014705882352941,99.0,8.838235294117647,2.0,7.5,18.0,2.1029411764705883,97.0,7.426470588235294,8.0,6.941176470588236,48.0,8.970588235294118,1.0,78.91666666666667,79.0,72.04166666666667,39.0,891.4027777777778,8.0,185.97222222222223,92.0,9.102055180705769,88.0,0.0,82.0,21.630685314009213,40.0,3.941170257341581,23.0,1.5731757811310194,98.0,3.263200618254954,96.0,31.66998156705191,32.0,15.086306322608428,47.0,1.6024531293192832,13.0,0.0,73.0,3.193314967383378,79.0,4.794654979160738,88.0
10.0,qwen/qwen3-coder-30b-a3b-instruct,0.4260907473158642,0.4333126243890144,0.9833333333333332,0.5264654759341896,17.0,0.4642643916657542,22.0,-0.2013400433743688,64.0,0.3757077614858592,25.0,0.0,1.0,0.075,92.0,0.0,1.0,4.84375,18.0,6.75,18.0,7.15625,57.0,7.09375,33.0,7.15625,11.0,7.09375,43.0,6.9375,52.0,7.53125,20.0,7.09375,52.0,5.5625,48.0,6.90625,17.0,7.4375,23.0,6.0,48.0,6.375,26.0,6.28125,74.0,6.96875,42.0,842.55,2.0,74.675,33.0,631.425,31.0,283.875,65.0,5.7862710973206415,94.0,2.227099737180382,9.0,10.869018217154473,79.0,3.9546934443288193,22.0,17.37203633960288,22.0,28.85251781480041,7.0,41.00640082311311,6.0,16.160575357376338,36.0,0.3760280688043209,82.0,0.8347378946186952,6.0,4.093194600883388,63.0,9.802245969268304,45.0
11.0,baidu/ernie-4.5-300b-a47b,0.4197059284366744,0.4294665314235738,0.9772727272727272,0.0811593730274429,53.0,0.5972750311257542,13.0,-0.7956606061232606,92.0,0.4844359936764382,20.0,0.0681818181818181,52.0,0.0,1.0,0.0,1.0,5.613636363636363,13.0,5.431818181818182,53.0,7.545454545454546,47.0,5.090909090909091,74.0,6.0227272727272725,41.0,6.613636363636363,56.0,6.318181818181818,73.0,7.818181818181818,17.0,6.159090909090909,79.0,4.25,87.0,6.568181818181818,20.0,6.954545454545454,42.0,4.363636363636363,79.0,6.159090909090909,30.0,6.181818181818182,79.0,6.181818181818182,72.0,77.68181818181819,80.0,33.43181818181818,95.0,441.3636363636364,62.0,345.25,50.0,53.51725051895546,9.0,0.0,82.0,15.869559110525746,63.0,2.4951660215091507,53.0,7.82297765138476,57.0,14.188339476856298,36.0,23.61575460544277,77.0,16.45838797349551,34.0,1.4571986981571612,17.0,0.1819623866217654,38.0,3.220217329090914,78.0,14.559590328800716,23.0
12.0,arcee-ai/trinity-mini,0.3779319473623018,0.3813676923383228,0.990990990990991,0.2002850440462048,45.0,0.6552657736681298,9.0,0.0062791199242302,46.0,0.5524451608462685,16.0,0.027027027027027,43.0,0.0,1.0,0.0,1.0,6.72972972972973,6.0,6.216216216216216,32.0,8.445945945945946,17.0,5.135135135135135,71.0,7.594594594594595,5.0,7.243243243243243,37.0,8.0,8.0,8.297297297297296,9.0,7.594594594594595,37.0,6.581081081081081,23.0,8.013513513513514,6.0,7.175675675675675,35.0,7.054054054054054,21.0,7.351351351351352,10.0,7.378378378378378,26.0,8.364864864864865,5.0,146.56756756756758,30.0,41.7027027027027,87.0,394.1756756756757,76.0,129.02702702702703,98.0,37.91428897098883,38.0,0.1150086256469235,77.0,9.99593417474431,83.0,1.821423537276769,70.0,10.746407097638334,41.0,7.076183179337016,79.0,24.569900254262016,67.0,18.5928845954258,21.0,1.248016998139979,24.0,0.0,73.0,8.67874493152867,6.0,14.186327845587726,27.0
13.0,baidu/ernie-4.5-vl-28b-a3b,0.3644868918365401,0.3737850268323702,0.9751243781094528,0.2990628459743216,40.0,0.585105881203099,15.0,-0.1045304900596729,57.0,0.3243093254088139,31.0,0.0746268656716417,54.0,0.0,1.0,0.0,1.0,6.627118644067797,8.0,5.016949152542373,58.0,9.389830508474576,2.0,5.813559322033898,58.0,7.983050847457627,3.0,7.5423728813559325,27.0,8.423728813559322,5.0,8.101694915254237,10.0,8.372881355932204,18.0,5.067796610169491,61.0,8.88135593220339,1.0,7.711864406779661,13.0,4.966101694915254,68.0,8.525423728813559,1.0,6.3559322033898304,72.0,8.40677966101695,3.0,197.4776119402985,14.0,95.98507462686568,17.0,487.910447761194,51.0,440.13432835820896,32.0,33.42051690444174,47.0,0.4397747351570584,43.0,19.018741168686983,48.0,2.2925436920676807,57.0,6.1893873126811805,74.0,6.37422803837699,84.0,23.744855249694687,74.0,15.816542543220615,41.0,1.6179825694019794,12.0,0.2307206626700803,35.0,2.536796987790332,90.0,12.962304345999303,37.0
14.0,minimax/minimax-m2.1,0.3508151557746676,0.4660275132062005,0.7527777777777778,0.2046099591160894,44.0,0.4297474794896272,25.0,-0.9984906855342494,97.0,0.6281920457604155,9.0,0.225,73.0,0.775,98.0,0.075,86.0,6.633333333333334,7.0,6.166666666666667,37.0,7.133333333333334,58.0,5.733333333333333,61.0,6.633333333333334,22.0,6.566666666666666,60.0,6.466666666666667,66.0,7.466666666666667,29.0,6.733333333333333,65.0,4.966666666666667,65.0,5.5,37.0,6.333333333333333,71.0,3.0,95.0,6.333333333333333,28.0,6.0,85.0,6.5,59.0,253.59459459459455,10.0,83.32432432432432,25.0,2042.4594594594596,3.0,508.2162162162162,18.0,39.21679981334128,36.0,0.3764242206729823,51.0,57.889181557679706,2.0,3.678602816667696,30.0,25.260457244603963,8.0,28.881707164757024,6.0,33.890856526453874,24.0,15.469364834113197,43.0,0.5488017922638434,58.0,0.1450812025597671,46.0,2.9388335057710786,80.0,6.356145965354007,68.0
15.0,z-ai/glm-4.5,0.3418161529293169,0.3445506821527515,0.992063492063492,0.8029986104740912,3.0,0.0802532126788559,53.0,0.1264385289539679,39.0,0.3625221559487678,29.0,0.0238095238095238,36.0,0.0,1.0,0.0238095238095238,70.0,4.024390243902439,25.0,7.414634146341464,11.0,7.73170731707317,34.0,7.536585365853658,28.0,5.634146341463414,54.0,7.609756097560975,24.0,7.609756097560975,24.0,7.951219512195122,14.0,8.024390243902438,25.0,5.902439024390244,43.0,4.341463414634147,64.0,7.951219512195122,8.0,6.317073170731708,41.0,4.243902439024391,59.0,6.512195121951219,64.0,6.829268292682927,46.0,292.8536585365854,7.0,222.26829268292684,5.0,624.390243902439,32.0,336.6585365853659,52.0,18.19117849817888,74.0,0.0,82.0,11.574905384660587,78.0,1.9276141295326048,64.0,6.032696488837176,75.0,9.442202562935137,67.0,36.11609866560915,13.0,13.843165944541576,56.0,0.6932030651816439,42.0,0.0728066982162359,61.0,6.434934719572281,19.0,8.401014999621442,59.0
16.0,mistralai/devstral-2512,0.3394329154133569,0.3493433654984185,0.9716312056737588,-0.0816932854486677,66.0,0.8769780296155014,5.0,-0.6003002849696628,87.0,-0.1270089180361512,65.0,0.0851063829787234,57.0,0.0,1.0,0.0,1.0,3.914893617021277,28.0,4.127659574468085,70.0,8.574468085106384,12.0,5.297872340425532,70.0,7.297872340425532,7.0,6.382978723404255,63.0,5.148936170212766,96.0,7.361702127659575,32.0,6.446808510638298,72.0,4.76595744680851,73.0,7.617021276595745,10.0,6.97872340425532,41.0,3.702127659574468,91.0,6.680851063829787,18.0,6.404255319148936,70.0,4.617021276595745,93.0,149.36170212765958,29.0,87.93617021276596,22.0,441.1063829787234,63.0,567.7872340425532,7.0,27.11121010908557,60.0,0.0,82.0,42.89530215151113,5.0,2.5578287327066245,50.0,8.289060059237517,53.0,12.980702529315955,46.0,30.10416019574891,40.0,12.685348814698129,65.0,1.0594270408631123,27.0,0.9139619730499976,3.0,2.077081820702697,97.0,5.790207063448738,75.0
17.0,qwen/qwen3-235b-a22b-2507,0.316303155374774,0.3189611650838057,0.9916666666666668,0.31491707752586,39.0,0.2146701909799372,44.0,-0.179899125198614,63.0,0.7108050155132306,5.0,0.025,37.0,0.0,1.0,0.0,1.0,4.65,19.0,6.475,23.0,7.7,39.0,6.075,53.0,5.575,57.0,7.375,34.0,7.925,14.0,8.525,6.0,6.65,69.0,4.275,86.0,4.425,62.0,7.25,30.0,6.225,45.0,6.4,25.0,7.525,18.0,7.825,12.0,79.975,78.0,67.05,44.0,295.625,94.0,245.95,76.0,10.04753783803545,86.0,0.0,82.0,12.76922002885004,74.0,1.888198592359886,65.0,8.555922887257164,52.0,5.687881762655143,87.0,32.71342748348958,28.0,11.62459331622318,72.0,0.8101924805668738,33.0,0.0,73.0,8.399903001070518,7.0,4.073877573293799,92.0
18.0,nvidia/nemotron-3-nano-30b-a3b,0.2762395231904014,0.2811723718188014,0.9824561403508772,0.0554362792278912,55.0,0.3739545565093369,27.0,-0.4093094282341812,75.0,0.463261100504296,21.0,0.0526315789473684,47.0,0.0,1.0,0.0,1.0,6.828947368421052,5.0,5.723684210526316,45.0,7.276315789473684,53.0,5.105263157894737,73.0,7.25,8.0,6.184210526315789,68.0,6.789473684210527,55.0,7.421052631578948,31.0,6.184210526315789,77.0,3.736842105263158,92.0,7.671052631578948,8.0,7.052631578947368,38.0,5.289473684210527,61.0,6.131578947368421,31.0,5.723684210526316,88.0,7.328947368421052,30.0,55.22368421052632,96.0,38.60526315789474,92.0,365.2105263157895,80.0,168.10526315789474,93.0,19.524877534959117,71.0,0.2157031924072476,69.0,17.988783380985634,52.0,0.5929135007340175,95.0,5.502163255421856,80.0,14.575444662282992,35.0,26.092376147019326,62.0,17.50888275889692,25.0,0.1873932499080451,94.0,0.1742767514813523,39.0,8.103442094006228,8.0,9.869059187320488,44.0
19.0,z-ai/glm-4.5-air,0.2743064391151085,0.2743064391151085,1.0,0.2701681266464401,41.0,0.3028096829499931,34.0,-0.229944764313852,65.0,0.2618166073951946,34.0,0.0,1.0,0.0,1.0,0.0,1.0,3.933333333333333,27.0,6.444444444444445,25.0,7.177777777777778,55.0,6.977777777777778,36.0,6.355555555555555,32.0,7.4,32.0,6.355555555555555,71.0,7.466666666666667,29.0,7.733333333333333,34.0,5.111111111111111,60.0,5.5777777777777775,36.0,7.622222222222222,14.0,5.333333333333333,60.0,3.977777777777778,63.0,6.2444444444444445,75.0,6.755555555555556,49.0,312.2857142857143,5.0,226.3265306122449,3.0,827.6938775510204,15.0,398.1428571428572,43.0,19.81323527198652,70.0,0.2601187063311465,62.0,29.4990274512139,24.0,1.67381427692133,75.0,5.501068510198502,81.0,9.39295900067224,69.0,33.78628081627473,25.0,14.163742799891804,53.0,0.5676428366701715,56.0,0.3196010018002271,28.0,7.922396131136329,10.0,7.379880235363742,64.0
20.0,sao10k/l3.3-euryale-70b,0.2597514004660511,0.2615305196473255,0.9931972789115646,0.6077878336541774,13.0,0.2299006760358354,43.0,0.1903185106386614,36.0,-0.0207512143225319,57.0,0.0204081632653061,34.0,0.0,1.0,0.0,1.0,2.7346938775510203,49.0,5.755102040816326,44.0,6.959183673469388,64.0,7.63265306122449,24.0,6.612244897959184,23.0,7.755102040816326,14.0,6.306122448979592,75.0,7.163265306122449,38.0,7.836734693877551,29.0,6.428571428571429,26.0,5.061224489795919,47.0,7.612244897959184,15.0,7.0,24.0,4.163265306122449,60.0,6.714285714285714,58.0,6.979591836734694,40.0,146.46938775510205,31.0,101.89795918367346,15.0,832.795918367347,14.0,516.6122448979592,16.0,34.14641338931364,46.0,0.4183673469387755,45.0,14.24751916140315,69.0,1.7230444638155544,74.0,10.773532840126032,38.0,17.068183101669657,28.0,21.38683193760528,84.0,12.949400882979752,63.0,0.5741692836632591,55.0,0.1021100030108136,54.0,3.97900473429726,68.0,14.777928524554923,21.0
21.0,alpindale/goliath-120b,0.2427445309130838,0.2507033679922013,0.9682539682539684,-0.2831114301524673,75.0,0.5337067636003786,18.0,-0.5156570758137681,83.0,0.5709762660891146,12.0,0.0952380952380952,58.0,0.0,1.0,0.0476190476190476,83.0,4.918918918918919,17.0,5.486486486486487,50.0,8.27027027027027,21.0,5.108108108108108,72.0,5.945945945945946,43.0,5.486486486486487,76.0,7.351351351351352,35.0,6.297297297297297,65.0,6.162162162162162,78.0,4.567567567567568,79.0,7.243243243243243,13.0,6.054054054054054,78.0,4.216216216216216,83.0,6.108108108108108,33.0,6.513513513513513,63.0,7.243243243243243,32.0,203.4,13.0,154.525,8.0,453.75,59.0,166.75,94.0,13.239004626090304,83.0,0.6164044724195523,34.0,14.890261695049317,66.0,3.7270715259997,27.0,9.472145984435608,46.0,10.58128266570495,58.0,20.631724967427694,86.0,5.849626840068849,97.0,0.5406627581982023,59.0,0.0,73.0,6.040589783718374,27.0,8.7055108246734,52.0
22.0,anthropic/claude-3.5-sonnet,0.2344335009569638,0.3109328539008151,0.753968253968254,0.665687964050969,12.0,0.165798054796637,48.0,0.3274805896244537,29.0,0.4602322383188079,22.0,0.7380952380952381,93.0,0.0,1.0,0.7142857142857143,99.0,2.0,76.0,7.181818181818182,14.0,7.545454545454546,47.0,8.181818181818182,13.0,5.909090909090909,45.0,7.909090909090909,10.0,8.0,8.0,7.181818181818182,37.0,8.272727272727273,20.0,7.727272727272727,3.0,3.727272727272727,79.0,6.909090909090909,46.0,7.909090909090909,6.0,2.5454545454545454,84.0,7.727272727272727,10.0,7.636363636363637,19.0,107.16666666666669,58.0,43.583333333333336,85.0,420.9166666666667,69.0,205.83333333333331,86.0,47.53312280268626,18.0,1.6181229773462782,15.0,16.226527390953706,59.0,10.040063351543848,2.0,19.90908591438277,15.0,22.048108383869494,18.0,28.888119021345293,44.0,19.78962748626828,15.0,0.1236399604352126,98.0,0.4528985507246377,22.0,6.593875809735434,18.0,10.523950428162044,42.0
23.0,baidu/ernie-4.5-vl-424b-a47b,0.2074066245653752,0.209149537376849,0.9916666666666668,0.0290507834466854,59.0,0.3115914624292102,32.0,-0.2367332705971958,66.0,0.3627650715380414,28.0,0.025,37.0,0.0,1.0,0.0,1.0,3.975,26.0,6.1,40.0,7.975,28.0,5.7,62.0,6.475,26.0,5.875,72.0,6.425,69.0,7.125,39.0,6.8,62.0,4.175,88.0,5.9,30.0,7.35,26.0,5.025,66.0,5.525,45.0,6.875,52.0,7.525,21.0,86.0,73.0,30.8,98.0,452.9,60.0,450.9,29.0,59.31601439639356,7.0,0.0,82.0,10.55278951927279,81.0,1.0707068653450744,86.0,8.680440323253162,49.0,11.16987870732363,55.0,22.74720969224625,79.0,9.333299903041908,84.0,0.9166281495857944,31.0,0.049800796812749,67.0,5.234896927454114,37.0,14.562342740487903,22.0
24.0,qwen/qwen3-coder,0.2006434527136743,0.2129679891211481,0.9421296296296297,0.4244918564696481,30.0,0.0560732590200653,55.0,-0.051788387147816,53.0,0.2466796041838405,36.0,0.1041666666666666,61.0,0.1041666666666666,94.0,0.0,1.0,3.702127659574468,29.0,6.446808510638298,24.0,6.48936170212766,77.0,6.97872340425532,35.0,5.659574468085107,53.0,7.595744680851064,25.0,6.51063829787234,64.0,6.319148936170213,63.0,7.531914893617022,40.0,5.531914893617022,50.0,4.595744680851064,59.0,7.297872340425532,27.0,5.680851063829787,53.0,4.297872340425532,58.0,7.404255319148936,24.0,6.553191489361702,56.0,138.22916666666666,38.0,40.583333333333336,90.0,325.7708333333333,88.0,255.125,73.0,61.299551006912814,6.0,1.6687946110286738,14.0,29.017524069440345,28.0,2.95261336979114,42.0,31.08594572388436,2.0,30.92504396906993,5.0,37.714250437846296,10.0,16.14371896931092,37.0,0.7587528463872572,39.0,0.5808059864246299,16.0,2.313678563037995,91.0,6.228069540075405,71.0
25.0,nousresearch/hermes-4-70b,0.1984728741145238,0.2290071624398352,0.8666666666666667,0.109192593955314,51.0,0.3073718873230929,33.0,-0.4935181693583771,82.0,0.0612124572575749,49.0,0.4,83.0,0.0,1.0,0.325,95.0,4.277777777777778,22.0,5.0,59.0,6.972222222222222,63.0,5.888888888888889,56.0,6.388888888888889,30.0,6.611111111111111,57.0,6.75,57.0,6.638888888888889,57.0,5.888888888888889,82.0,4.888888888888889,69.0,5.833333333333333,32.0,6.777777777777778,50.0,4.611111111111111,74.0,5.0,53.0,5.027777777777778,96.0,5.805555555555555,81.0,86.25925925925925,71.0,53.03703703703704,69.0,304.3703703703704,92.0,125.33333333333331,99.0,46.89292414930036,21.0,5.722785500694554,1.0,18.490753710877826,49.0,9.81517449943007,3.0,10.7729217067311,39.0,6.140134561554809,85.0,28.8785017894181,45.0,4.78261026547075,99.0,0.1596424010217113,96.0,0.0660196738628111,62.0,7.440623574200327,13.0,14.193347569587624,26.0
26.0,z-ai/glm-4.7,0.1968591053797774,0.2128206544646242,0.925,-0.8600384286694839,89.0,0.4409882804594029,24.0,-1.3619347176282988,100.0,1.034653324626052,1.0,0.225,73.0,0.0,1.0,0.025,73.0,6.578947368421052,10.0,2.473684210526316,90.0,8.894736842105264,6.0,1.894736842105263,98.0,4.315789473684211,78.0,7.657894736842105,21.0,8.078947368421053,7.0,7.473684210526316,28.0,4.815789473684211,96.0,2.631578947368421,98.0,2.3157894736842106,98.0,5.947368421052632,83.0,2.0789473684210527,98.0,6.605263157894737,21.0,6.105263157894737,81.0,8.210526315789474,6.0,47.07692307692308,99.0,41.58974358974359,89.0,474.71794871794873,56.0,190.3846153846154,90.0,6.894533726081322,90.0,0.0,82.0,29.49562466766868,25.0,5.255477944220235,16.0,5.249719853744888,84.0,9.039477106483586,71.0,30.739110686003094,34.0,11.31513387827107,73.0,1.7936213940403785,8.0,0.7973302734210341,7.0,4.037423851227334,65.0,5.889565290666098,74.0
27.0,google/gemini-2.5-pro,0.1919980757311816,0.1919980757311816,1.0,1.2419113171072935,1.0,-0.1934950312050006,69.0,1.3529126641577294,1.0,0.1865951685935902,39.0,0.0,1.0,0.0,1.0,0.0,1.0,2.159090909090909,66.0,8.431818181818182,1.0,7.727272727272727,35.0,9.272727272727272,1.0,6.568181818181818,24.0,8.454545454545455,3.0,8.727272727272727,2.0,7.477272727272727,26.0,9.386363636363637,1.0,8.863636363636363,1.0,3.4318181818181817,85.0,9.113636363636363,1.0,8.704545454545455,1.0,1.5,97.0,8.204545454545455,4.0,8.386363636363637,4.0,328.79545454545456,4.0,223.4090909090909,4.0,866.9318181818181,12.0,456.1136363636364,26.0,13.260499712698238,82.0,0.2425618054067921,65.0,17.80199759159601,53.0,3.2130110459511987,34.0,5.101362605834465,87.0,6.667118342034729,82.0,35.08676729266956,17.0,19.56146931873739,16.0,0.7706756687565679,37.0,0.3854371679451233,26.0,5.083050010177098,42.0,4.533492082435264,89.0
28.0,mistralai/codestral-2508,0.1750489584814699,0.1750489584814699,1.0,-0.2710684147503444,73.0,0.904699313853781,4.0,-0.3162068870130046,72.0,-0.6276859283778903,97.0,0.0,1.0,0.0,1.0,0.0,1.0,3.023809523809524,43.0,2.119047619047619,92.0,9.523809523809524,1.0,5.761904761904762,59.0,6.690476190476191,21.0,6.690476190476191,55.0,5.738095238095238,89.0,6.238095238095238,68.0,6.785714285714286,63.0,5.476190476190476,52.0,7.642857142857143,9.0,6.428571428571429,66.0,4.404761904761905,78.0,7.142857142857143,13.0,6.738095238095238,56.0,4.833333333333333,90.0,110.52380952380952,55.0,59.71428571428572,55.0,396.9047619047619,75.0,330.7857142857143,55.0,47.039244718127485,20.0,0.5451251215449622,38.0,29.557819222915608,23.0,3.0779277035932915,38.0,12.432127227181624,34.0,13.496551539988564,41.0,27.9027656067136,50.0,13.95424173599126,55.0,1.496875136515697,15.0,0.0,73.0,3.999221900655048,67.0,15.60024512137738,16.0
29.0,mistralai/ministral-14b-2512,0.1640738815913462,0.1655654623330858,0.990990990990991,-0.0433937729141693,62.0,0.2638480764079809,40.0,-0.4120935832945018,76.0,0.1772827907738432,40.0,0.027027027027027,43.0,0.0,1.0,0.0,1.0,4.54054054054054,21.0,6.716216216216216,19.0,8.554054054054054,14.0,4.445945945945946,83.0,7.148648648648648,12.0,7.283783783783784,36.0,5.513513513513513,92.0,7.743243243243243,19.0,5.675675675675675,86.0,3.972972972972973,91.0,6.472972972972973,23.0,6.905405405405405,47.0,3.554054054054054,92.0,7.756756756756757,6.0,5.648648648648648,90.0,8.04054054054054,8.0,293.6756756756757,6.0,220.77027027027023,6.0,638.3243243243244,29.0,929.3243243243244,2.0,16.44850411933531,78.0,0.6865362086146432,32.0,26.093172680305383,33.0,3.3004160727953136,32.0,7.506103840157736,59.0,13.997275185105496,37.0,30.71717037606601,35.0,25.34667198799684,7.0,1.0547350445820312,28.0,0.8750826648710862,4.0,2.231271392162352,93.0,4.1479506106100565,91.0
30.0,meituan/longcat-flash-chat,0.1560146242559075,0.1574138585541668,0.9911111111111112,0.348755898260739,35.0,0.1195235688280275,49.0,0.0770763483315313,44.0,0.0338499821521886,53.0,0.0,1.0,0.04,84.0,0.0,1.0,3.18,41.0,5.52,47.0,6.78,68.0,6.74,41.0,5.78,49.0,7.38,33.0,6.22,79.0,7.06,45.0,8.04,24.0,6.22,32.0,4.14,72.0,7.5,18.0,6.76,30.0,4.46,57.0,7.2,34.0,6.26,70.0,146.06,32.0,79.18,27.0,495.56,49.0,489.42,22.0,30.90385792272072,52.0,0.1550387596899224,74.0,23.96407821074829,36.0,5.642353833257545,14.0,6.292500663312911,72.0,9.434496269509902,68.0,28.811544989914854,46.0,14.892050083729057,48.0,1.386992165710084,19.0,0.8363709066673904,5.0,2.6128441048135214,87.0,6.055647655667331,73.0
31.0,deepseek/deepseek-v3.2-speciale,0.1518903855549298,0.1518903855549298,1.0,0.5746320912448902,15.0,-0.2530804894268781,73.0,-0.0177961090108611,48.0,0.2445193904466431,38.0,0.0,1.0,0.0,1.0,0.0,1.0,3.4782608695652173,35.0,7.369565217391305,12.0,6.130434782608695,85.0,8.326086956521738,7.0,6.695652173913044,20.0,7.086956521739131,44.0,8.08695652173913,6.0,7.8478260869565215,16.0,7.413043478260869,44.0,6.652173913043479,22.0,3.3260869565217392,88.0,6.913043478260869,45.0,4.326086956521739,80.0,2.391304347826087,86.0,7.478260869565218,20.0,7.804347826086956,15.0,62.5531914893617,93.0,62.02127659574468,52.0,1102.404255319149,7.0,362.8936170212766,47.0,3.1520882584712373,97.0,0.4171881518564873,47.0,31.467659340936468,17.0,4.250984712083917,19.0,20.914123670702164,14.0,10.3330572990805,60.0,25.430329620494327,66.0,21.258737793833923,13.0,0.4205533907389536,77.0,0.0349980414032435,72.0,2.616228222518792,85.0,22.124161772198686,2.0
32.0,claude-3-7-sonnet-20250219,0.1456668504306536,0.1952555654708761,0.746031746031746,0.7628877489941586,5.0,-0.0479264386193827,62.0,0.3832360733861418,23.0,0.0166967856508394,55.0,0.7619047619047619,94.0,0.0,1.0,0.6904761904761905,98.0,2.0,76.0,7.666666666666667,5.0,7.166666666666667,56.0,8.583333333333334,3.0,5.75,51.0,7.916666666666667,9.0,8.0,8.0,7.5,22.0,8.25,21.0,7.583333333333333,5.0,3.333333333333333,87.0,6.666666666666667,56.0,7.916666666666667,5.0,2.4166666666666665,85.0,7.75,9.0,7.416666666666667,25.0,113.76923076923076,53.0,47.0,83.0,433.2307692307692,66.0,226.92307692307693,82.0,52.04503064544922,13.0,0.0,82.0,16.204603875500883,60.0,3.1243766860154336,36.0,24.69621674843804,9.0,26.956606100170468,9.0,35.715901758584444,15.0,19.280754329100677,19.0,0.598083469816203,53.0,0.0,73.0,8.85454519284808,5.0,14.832751154117425,20.0
33.0,sao10k/l3.1-70b-hanami-x1,0.141459195266765,0.1421312104461796,0.9952718676122932,0.3436556387459615,36.0,0.2858569348329997,38.0,0.3398784210857971,27.0,-0.1814428476239148,70.0,0.0,1.0,0.0212765957446808,76.0,0.0,1.0,2.2888888888888888,61.0,5.266666666666667,55.0,8.0,26.0,7.311111111111111,30.0,6.8,17.0,7.622222222222222,23.0,6.955555555555556,50.0,7.222222222222222,36.0,7.644444444444445,36.0,6.377777777777778,28.0,5.377777777777778,43.0,7.4,24.0,7.066666666666666,19.0,5.5777777777777775,43.0,6.933333333333334,49.0,6.0,77.0,100.36170212765956,63.0,58.27659574468085,60.0,552.531914893617,43.0,477.3191489361702,23.0,50.132976147147495,15.0,0.3714663869743282,52.0,33.359920821043225,15.0,2.8024136558546053,45.0,8.62664799301219,51.0,11.353363805190472,53.0,28.178108036074327,48.0,14.661411728812071,49.0,1.2729952097908763,22.0,0.5944103534611866,15.0,3.681044796223005,72.0,13.969761607515451,29.0
34.0,deepseek/deepseek-r1,0.1252122881159496,0.1278208774516985,0.979591836734694,-0.2800120794776988,74.0,0.2963301983449933,35.0,-0.8497009162677807,94.0,-0.0356373439468107,60.0,0.0612244897959183,50.0,0.0,1.0,0.0,1.0,4.26530612244898,23.0,4.142857142857143,69.0,8.061224489795919,25.0,4.959183673469388,78.0,4.73469387755102,69.0,7.408163265306122,30.0,5.857142857142857,86.0,7.244897959183674,35.0,6.8979591836734695,59.0,4.653061224489796,75.0,5.469387755102041,38.0,4.918367346938775,89.0,2.938775510204082,96.0,5.530612244897959,44.0,5.612244897959184,92.0,5.530612244897959,85.0,96.55102040816328,66.0,61.24489795918368,53.0,489.9591836734694,50.0,378.4081632653061,46.0,19.31112588194345,72.0,0.7833932910812976,23.0,3.7446219969879,98.0,1.1093183949140526,84.0,7.120627355005055,63.0,4.418706560131109,93.0,24.366758500575784,70.0,16.03593002280075,38.0,1.374739563727831,20.0,0.044559308439533,69.0,4.312094691285628,60.0,7.965387150060442,62.0
35.0,baidu/ernie-4.5-21b-a3b-thinking,0.1240400346217306,0.1240400346217306,1.0,-0.0749476171377156,65.0,0.4432450682859196,23.0,0.1652964038903831,37.0,0.1328692486894445,43.0,0.0,1.0,0.0,1.0,0.0,1.0,4.621212121212121,20.0,3.742424242424242,76.0,9.212121212121213,4.0,4.848484848484849,80.0,8.06060606060606,2.0,4.712121212121212,88.0,6.878787878787879,53.0,5.818181818181818,80.0,8.424242424242424,13.0,4.606060606060606,76.0,8.257575757575758,5.0,6.287878787878788,73.0,7.878787878787879,7.0,6.636363636363637,20.0,7.893939393939394,7.0,7.348484848484849,29.0,75.72222222222223,82.0,52.98611111111112,70.0,769.8611111111111,17.0,285.3888888888889,64.0,17.575324153617196,75.0,0.2777777777777778,60.0,9.194149258155493,86.0,2.9594366625541806,41.0,5.719908681161872,78.0,7.718072358030107,74.0,19.93641527089961,89.0,12.12276683837834,68.0,1.14683736659765,25.0,0.4439720223696596,24.0,6.198851989501801,24.0,16.36895349717626,10.0
36.0,inclusionai/ling-1t,0.1214529896555768,0.1214529896555768,1.0,0.6988531661756293,8.0,-0.233572362250974,71.0,0.5224693281464967,12.0,0.2465007166928129,37.0,0.0,1.0,0.0,1.0,0.0,1.0,3.2790697674418605,39.0,8.162790697674419,4.0,8.0,26.0,7.046511627906977,34.0,4.441860465116279,74.0,8.511627906976743,2.0,8.0,8.0,6.441860465116279,60.0,8.488372093023257,10.0,7.232558139534884,10.0,4.186046511627907,68.0,7.186046511627907,34.0,6.744186046511628,31.0,3.13953488372093,78.0,7.558139534883721,16.0,6.325581395348837,65.0,111.95348837209302,54.0,73.04651162790698,36.0,485.9767441860465,52.0,329.04651162790697,56.0,21.15896102694152,68.0,0.4346881112801565,44.0,29.449477718306067,26.0,1.8005136277890912,72.0,5.274535749325464,83.0,5.204684813286144,89.0,27.41788609859717,53.0,17.51050675058317,24.0,0.2593548521790981,88.0,0.5370640748429544,20.0,4.818624472454673,51.0,9.723809955718368,47.0
37.0,cohere/command-a,0.1134630552074092,0.1237778784080827,0.9166666666666666,0.8751127314672225,2.0,-0.2946828622790006,77.0,0.4963595693074317,13.0,-0.0327909360778676,59.0,0.25,77.0,0.0,1.0,0.0,1.0,2.75,48.0,7.6,7.0,6.475,78.0,8.325,8.0,6.225,37.0,7.675,20.0,7.3,37.0,7.925,15.0,7.95,27.0,6.175,34.0,4.15,71.0,8.6,3.0,6.3,42.0,3.625,71.0,7.425,23.0,7.175,34.0,118.175,46.0,77.4,28.0,600.8,37.0,453.95,27.0,34.64575985962,45.0,0.18796992481203,71.0,22.169606463451835,39.0,2.1053964805593126,61.0,7.885185738880298,56.0,10.791135895274444,57.0,31.12058849696681,33.0,13.737102152288418,57.0,0.3164901861370451,85.0,0.0,73.0,5.684850286947116,31.0,17.152907366544742,9.0
38.0,moonshotai/kimi-dev-72b,0.105327055415831,0.1089590228439631,0.9666666666666668,-0.6679636398916032,85.0,0.2563170193231795,42.0,-1.14388515072047,98.0,0.5430171162322728,17.0,0.1,60.0,0.0,1.0,0.05,84.0,5.837837837837838,12.0,3.810810810810811,74.0,7.675675675675675,43.0,3.756756756756757,89.0,4.135135135135135,80.0,7.054054054054054,45.0,6.378378378378378,70.0,6.162162162162162,71.0,5.45945945945946,91.0,3.324324324324324,96.0,6.486486486486487,22.0,4.72972972972973,94.0,3.864864864864865,88.0,5.648648648648648,42.0,5.4324324324324325,94.0,7.513513513513513,22.0,1109.6842105263158,1.0,20.81578947368421,99.0,235.0,98.0,143.94736842105263,95.0,15.54212725955662,81.0,0.0073817081272606,81.0,9.3271315709634,85.0,1.8675420692920928,66.0,19.00372199208196,17.0,1.5989364819764649,99.0,20.14644695037925,88.0,6.371791021241147,96.0,0.2078729208273768,92.0,0.670985907061855,14.0,5.993429656201823,28.0,15.20012317175798,18.0
39.0,baidu/ernie-4.5-21b-a3b,0.0926976557843347,0.1057962375799472,0.8761904761904762,0.0637479461492376,54.0,0.0469167636200919,56.0,-0.3493157248695183,74.0,0.0977748695350275,45.0,0.3714285714285714,82.0,0.0,1.0,0.0571428571428571,85.0,5.412698412698413,16.0,5.984126984126984,41.0,7.761904761904762,32.0,5.904761904761905,55.0,5.349206349206349,59.0,7.46031746031746,28.0,6.047619047619048,84.0,7.285714285714286,33.0,7.142857142857143,50.0,3.6666666666666665,94.0,7.476190476190476,11.0,7.444444444444445,22.0,4.317460317460317,81.0,7.619047619047619,7.0,5.825396825396825,87.0,7.412698412698413,26.0,76.83333333333333,81.0,47.21212121212121,82.0,430.1060606060606,67.0,227.75757575757572,81.0,35.25336082963741,42.0,0.7101462025901838,30.0,4.049605028627108,96.0,2.532997649915492,51.0,7.081950347836043,64.0,16.31749272250336,30.0,21.67342373574806,82.0,15.204206087536557,46.0,0.66948766018566,44.0,0.1202501202501202,50.0,4.960965697430822,48.0,13.761076578618672,31.0
40.0,stepfun-ai/step3,0.0900986190486377,0.0913676136831256,0.9861111111111112,-0.0529910841821631,64.0,0.3235989926576502,30.0,0.1168330220198069,40.0,0.094531993464508,46.0,0.025,37.0,0.025,81.0,0.0,1.0,3.4,37.0,4.95,60.0,8.125,24.0,5.4,66.0,6.275,36.0,5.925,71.0,6.75,57.0,6.575,58.0,7.975,26.0,5.55,49.0,5.45,40.0,7.475,21.0,5.6,57.0,5.45,47.0,7.025,43.0,6.475,60.0,208.35,12.0,115.975,12.0,685.975,24.0,400.6,42.0,16.028097080327136,80.0,0.6969073793906795,31.0,8.783484718741189,88.0,2.8271718758743893,44.0,6.415965109864966,71.0,4.831989227547515,92.0,30.418745790444355,38.0,14.227996522696833,52.0,1.988193699360581,3.0,0.5030300650167883,21.0,3.8303073902150935,70.0,11.904612316147572,38.0
41.0,meta-llama/llama-3.3-70b-instruct,0.0789118160077613,0.0789118160077613,1.0,0.7225838737610074,6.0,-0.0971990157959859,64.0,0.4597639711942863,16.0,-0.4733885906723545,87.0,0.0,1.0,0.0,1.0,0.0,1.0,2.0,76.0,5.375,54.0,6.75,69.0,8.25,9.0,5.9375,44.0,8.770833333333334,1.0,6.291666666666667,76.0,7.5,22.0,8.4375,11.0,7.083333333333333,12.0,4.0,75.0,7.9375,9.0,7.645833333333333,9.0,3.1666666666666665,77.0,6.895833333333333,51.0,5.979166666666667,78.0,128.9375,42.0,86.45833333333333,24.0,716.7708333333334,18.0,579.2083333333334,6.0,38.81601053786605,37.0,0.2376301057650901,66.0,7.680864829156287,91.0,1.539491072579927,77.0,4.591712591267516,93.0,13.611034902902215,40.0,18.199075334353136,93.0,10.21161278322205,79.0,0.3996427016991502,79.0,0.0,73.0,5.040812200887626,44.0,14.929690963984608,19.0
42.0,anthracite-org/magnum-v4-72b,0.0764757747562506,0.0818919061129256,0.9338624338624338,0.7712486724146156,4.0,-0.188520418184822,68.0,0.6547030706710409,8.0,-0.1590501484456395,68.0,0.1666666666666666,67.0,0.0476190476190476,88.0,0.0952380952380952,88.0,2.41025641025641,54.0,6.923076923076923,16.0,6.923076923076923,65.0,7.538461538461538,27.0,6.076923076923077,39.0,6.923076923076923,47.0,7.17948717948718,43.0,7.9743589743589745,13.0,7.871794871794871,28.0,6.846153846153846,16.0,4.153846153846154,70.0,8.512820512820513,4.0,7.564102564102564,10.0,3.025641025641025,80.0,6.435897435897436,68.0,5.205128205128205,88.0,88.47368421052632,69.0,41.86842105263158,86.0,233.52631578947367,99.0,296.9736842105263,62.0,52.33399889646663,12.0,2.6294670928040578,5.0,27.25589059745348,30.0,3.781151752094176,25.0,17.484040593786396,21.0,12.946617753633875,47.0,26.76794404190193,59.0,13.71962895780374,58.0,0.5381716615664888,60.0,0.0493729633652611,68.0,5.571111693614175,33.0,16.27149146194203,11.0
43.0,ai21/jamba-large-1.7,0.0761761449471198,0.0761761449471198,1.0,-0.4690313028416397,83.0,0.4188347620828986,26.0,-0.2536951484074767,68.0,0.3712710796770514,27.0,0.0,1.0,0.0,1.0,0.0227272727272727,69.0,3.625,32.0,4.1,72.0,7.8,30.0,4.275,85.0,6.3,35.0,5.225,81.0,7.65,22.0,5.675,83.0,6.475,71.0,5.05,62.0,6.5,21.0,6.45,64.0,5.225,63.0,6.125,32.0,6.725,57.0,7.225,33.0,69.27906976744185,89.0,59.46511627906977,56.0,512.6744186046511,46.0,135.41860465116278,96.0,12.189400150028709,84.0,1.7485574401119075,13.0,29.57802678059041,22.0,2.761283912035166,47.0,19.429001047430457,16.0,10.168560034390058,61.0,30.635982902250987,36.0,7.10161501178591,94.0,1.7848548670642934,9.0,0.0,73.0,6.046491904065179,26.0,11.463920399403246,40.0
44.0,prime-intellect/intellect-3,0.0479190724929342,0.0492319237941105,0.9733333333333334,-0.0874663333537424,67.0,0.1079841051093099,50.0,-0.2676986421131135,69.0,0.0126393824179659,56.0,0.08,56.0,0.0,1.0,0.0,1.0,3.66,31.0,5.16,57.0,7.1,59.0,6.4,46.0,5.34,60.0,6.78,52.0,7.12,45.0,6.98,46.0,7.02,54.0,5.48,51.0,4.76,53.0,6.38,68.0,4.16,85.0,5.26,50.0,6.4,71.0,5.6,84.0,178.44,17.0,63.64,51.0,886.6,10.0,278.8,67.0,30.786435894900773,54.0,0.3215774915251216,54.0,21.618853335542028,41.0,1.2953822040612648,79.0,7.380330149945804,60.0,7.712291486875103,75.0,23.73660624914833,75.0,9.88392082769375,82.0,1.6834804655258149,10.0,1.0643274014378032,2.0,4.145342786514199,62.0,8.378430971877128,60.0
45.0,deepcogito/cogito-v2.1-671b,0.0332594188517356,0.0363270351535947,0.9155555555555556,0.5711031768971077,16.0,-0.2482881091534025,72.0,0.4582493117853389,17.0,-0.0528056119260079,61.0,0.24,75.0,0.02,72.0,0.04,78.0,2.0,76.0,6.270833333333333,30.0,6.541666666666667,75.0,8.229166666666666,12.0,4.583333333333333,72.0,8.0625,5.0,7.541666666666667,26.0,6.729166666666667,51.0,8.625,9.0,6.479166666666667,25.0,3.5,81.0,7.0,40.0,6.729166666666667,33.0,2.145833333333333,90.0,8.083333333333334,5.0,7.020833333333333,37.0,152.20833333333334,27.0,64.20833333333333,50.0,548.375,44.0,331.0833333333333,53.0,46.783380786251534,23.0,3.0989375086159554,2.0,23.033053774787508,38.0,7.060943424055144,6.0,17.825283598363466,20.0,20.572177871655185,21.0,33.03024489598278,27.0,16.56223435157136,33.0,0.4863398981608304,72.0,0.146521211864825,45.0,4.714209270987263,52.0,8.056709779996197,61.0
46.0,deepseek/deepseek-r1-distill-llama-70b,0.0269774352642609,0.0300232747295807,0.8985507246376812,-0.6971056460621702,86.0,0.2925697366927197,36.0,-0.5891786652166089,86.0,0.5548936215093139,14.0,0.3043478260869565,80.0,0.0,1.0,0.0,1.0,3.684210526315789,30.0,2.5,89.0,7.263157894736842,54.0,3.5,91.0,3.736842105263158,87.0,5.131578947368421,83.0,7.947368421052632,13.0,5.526315789473684,89.0,4.631578947368421,97.0,4.394736842105263,83.0,5.026315789473684,48.0,5.289473684210527,87.0,5.131578947368421,65.0,6.7631578947368425,17.0,6.473684210526316,67.0,6.973684210526316,41.0,68.17391304347827,90.0,56.73913043478261,62.0,658.4347826086956,26.0,274.6304347826087,70.0,9.300255568962395,87.0,0.4180602006688964,46.0,17.14956901124706,57.0,4.026826716807228,21.0,12.722665743445871,30.0,7.163359224285201,78.0,25.71081472161717,64.0,9.305679399389556,85.0,0.6397849652385339,49.0,0.0,73.0,5.5706696600821735,34.0,11.457488065094807,41.0
47.0,meta-llama/llama-3-70b-instruct,0.0259796794870606,0.0259796794870606,1.0,-0.0185189168201835,60.0,0.2908666498939466,37.0,0.1980147535342719,35.0,-0.2642654270574379,74.0,0.0,1.0,0.0,1.0,0.0,1.0,2.0,76.0,3.5319148936170213,79.0,7.638297872340425,46.0,6.382978723404255,47.0,6.382978723404255,31.0,6.914893617021277,48.0,6.48936170212766,65.0,6.723404255319149,54.0,6.914893617021277,57.0,6.127659574468085,36.0,5.0638297872340425,46.0,7.297872340425532,27.0,6.638297872340425,36.0,5.276595744680851,49.0,7.1063829787234045,37.0,6.319148936170213,66.0,95.3191489361702,67.0,58.97872340425532,58.0,506.3191489361702,47.0,444.2340425531915,31.0,50.5371808598995,14.0,0.2532928064842958,63.0,10.766980590914711,80.0,1.832523951170295,69.0,5.903525079826546,76.0,11.299598381110869,54.0,16.69929646580747,95.0,13.59513464303631,59.0,0.3146441190526385,86.0,0.2370439748907888,34.0,4.914962123266458,50.0,17.823325860193417,8.0
48.0,deepseek/deepseek-chat-v3-0324,0.0249432363244163,0.0253660030417793,0.9833333333333332,-0.0298907549856496,61.0,0.260092655693528,41.0,-0.1688279739348517,61.0,-0.5368590553080389,92.0,0.05,45.0,0.0,1.0,0.0,1.0,2.9,46.0,4.45,65.0,8.375,20.0,6.225,50.0,6.225,37.0,6.825,50.0,5.875,85.0,6.675,56.0,7.55,39.0,4.775,70.0,5.825,33.0,6.35,70.0,4.425,77.0,5.025,52.0,7.1,39.0,4.65,92.0,126.975,45.0,55.75,63.0,314.4,89.0,405.475,40.0,43.02589758239513,30.0,0.1633986928104575,73.0,18.051213948073556,51.0,2.522883509325844,52.0,8.953323097599176,48.0,12.1946013616936,49.0,33.587858657963935,26.0,15.354944158072492,44.0,1.537809759376361,14.0,0.1136950904392764,52.0,1.6685935626295894,98.0,7.319306280853766,65.0
49.0,nousresearch/hermes-3-llama-3.1-405b,0.0226082194602079,0.0253637919151917,0.8913580246913579,0.0350773465384495,57.0,-0.0608358966562657,63.0,-0.0685618353271585,54.0,0.1606333943823574,42.0,0.3111111111111111,81.0,0.0222222222222222,78.0,0.4,97.0,2.9047619047619047,45.0,5.476190476190476,51.0,6.857142857142857,67.0,6.380952380952381,48.0,5.261904761904762,64.0,5.809523809523809,73.0,6.166666666666667,81.0,6.0,76.0,6.095238095238095,80.0,5.023809523809524,63.0,4.0,75.0,7.142857142857143,36.0,5.642857142857143,55.0,3.0,81.0,4.9523809523809526,97.0,5.238095238095238,87.0,87.74074074074075,70.0,49.51851851851852,78.0,329.0,86.0,186.07407407407408,91.0,56.985875485878296,8.0,2.9786198382979854,3.0,34.79713171635938,12.0,7.170798551787895,4.0,18.277550011676897,18.0,19.59776900987528,23.0,19.4842930678084,91.0,8.665997174126337,87.0,0.2836821417634647,87.0,0.3277613897082923,27.0,6.0638794580700965,25.0,22.330169158382365,1.0
50.0,qwen/qwen-2.5-coder-32b-instruct,0.0183644159809162,0.0196570569116118,0.9342403628117916,-0.4261794042696747,81.0,0.5053520788099051,20.0,0.3870988029222381,22.0,0.3334096084057795,30.0,0.1836734693877551,69.0,0.0204081632653061,73.0,0.0,1.0,2.1020408163265305,70.0,3.5306122448979598,80.0,8.775510204081632,8.0,4.326530612244898,84.0,6.346938775510204,33.0,5.244897959183674,80.0,7.755102040816326,21.0,5.6938775510204085,82.0,7.469387755102041,42.0,6.020408163265306,40.0,5.387755102040816,42.0,6.938775510204081,43.0,7.204081632653061,15.0,4.938775510204081,54.0,7.591836734693878,15.0,6.775510204081633,48.0,59.795918367346935,95.0,53.51020408163265,67.0,482.5102040816327,54.0,451.734693877551,28.0,6.02205674272919,93.0,0.4746084480303749,41.0,4.799167836782978,94.0,0.9826827475797344,88.0,12.76875373263272,29.0,24.28607784315154,13.0,25.58646624218717,65.0,11.156746297714774,74.0,0.5162775247965767,65.0,0.0,73.0,10.11602925105418,2.0,18.482568285469007,6.0
51.0,deepseek/deepseek-chat,0.017159272803616,0.0173560534550336,0.9886621315192744,0.1465125252019975,47.0,0.0122342917573421,58.0,0.3179204528416245,30.0,0.0632182363033897,48.0,0.0204081632653061,34.0,0.0204081632653061,73.0,0.0,1.0,2.183673469387755,65.0,5.551020408163265,46.0,7.285714285714286,52.0,6.73469387755102,43.0,5.857142857142857,46.0,6.36734693877551,64.0,7.346938775510204,36.0,6.408163265306122,61.0,7.571428571428571,38.0,5.979591836734694,41.0,4.571428571428571,60.0,7.285714285714286,29.0,6.877551020408164,26.0,3.877551020408163,65.0,7.36734693877551,30.0,6.551020408163265,57.0,105.89795918367346,60.0,49.51020408163265,79.0,554.6122448979592,42.0,298.16326530612247,61.0,48.69170503542097,16.0,0.0,82.0,17.3096138331844,55.0,0.849620160067046,92.0,10.756663629591769,40.0,9.986086632708856,63.0,32.627507334401294,29.0,9.595847135474528,83.0,0.7759134483260762,36.0,0.0,73.0,7.1065419669458265,17.0,16.060553961859718,12.0
52.0,z-ai/glm-4.6,0.0171535191945422,0.0179158978254108,0.9574468085106383,0.5038719054488857,20.0,-0.3375850112084838,79.0,0.3121437011790394,31.0,0.0435802667875071,51.0,0.1276595744680851,66.0,0.0,1.0,0.0212765957446808,66.0,2.555555555555556,51.0,6.155555555555556,38.0,5.666666666666667,88.0,8.488888888888889,6.0,4.977777777777778,65.0,6.888888888888889,49.0,7.7555555555555555,20.0,7.066666666666666,44.0,8.177777777777777,22.0,7.466666666666667,8.0,4.044444444444444,74.0,6.555555555555555,59.0,6.8,28.0,2.7333333333333334,82.0,6.533333333333333,62.0,7.8,16.0,162.34782608695653,23.0,145.7826086956522,9.0,688.0217391304348,23.0,417.39130434782606,36.0,5.449924837099602,95.0,0.5842392502777481,37.0,21.301695529942517,43.0,3.0936242690404545,37.0,6.979032299249979,66.0,9.93426215074109,64.0,34.58404559266667,20.0,18.252720020511426,23.0,0.6641587828977888,45.0,0.0649399665755779,63.0,6.273696024934982,21.0,5.445352476760317,80.0
53.0,claude-sonnet-4-20250514,0.0004774259660016,0.0004846053038362,0.9851851851851852,0.6981347771831807,9.0,-0.2654256674031157,75.0,0.8767584073943515,6.0,-0.1296654800668918,66.0,0.0,1.0,0.0666666666666666,91.0,0.0,1.0,2.0,76.0,7.6,7.0,7.777777777777778,31.0,8.244444444444444,11.0,6.333333333333333,34.0,8.066666666666666,4.0,7.266666666666667,40.0,6.288888888888889,67.0,8.644444444444444,7.0,7.288888888888889,9.0,3.2222222222222223,89.0,6.933333333333334,44.0,7.955555555555556,4.0,2.2666666666666666,88.0,7.377777777777778,27.0,6.5777777777777775,55.0,127.0,44.0,64.71111111111111,48.0,328.22222222222223,87.0,241.44444444444449,78.0,45.230832612922654,25.0,1.3269430545673626,16.0,40.69743284078876,9.0,4.267529445185111,18.0,26.098491770410064,5.0,33.018964226087405,3.0,47.12655378260268,3.0,17.265509192239886,26.0,0.1756792530021899,95.0,0.2923980017936627,29.0,5.008137322967468,46.0,8.602955566287845,57.0
54.0,meta-llama/llama-4-maverick,-0.0006839160198299,-0.0006839160198299,1.0,0.3335796659226776,38.0,-0.1304967734236243,67.0,0.3713311479550949,24.0,-0.1070883746748961,62.0,0.0,1.0,0.0,1.0,0.0,1.0,2.0,76.0,5.88,43.0,6.9,66.0,7.16,31.0,4.36,76.0,6.58,59.0,7.46,29.0,6.3,64.0,8.38,17.0,7.58,6.0,4.38,63.0,7.4,24.0,6.66,34.0,3.8,68.0,7.48,19.0,5.62,83.0,115.1,48.0,72.64,38.0,526.44,45.0,554.2,10.0,46.8733761016677,22.0,0.0,82.0,14.42541072800353,68.0,1.0797027549344982,85.0,5.892612518353482,77.0,44.503605939219135,1.0,16.590154888324342,96.0,18.31754016983236,22.0,0.5381464478266299,61.0,0.0619195046439628,66.0,7.862347669117351,11.0,13.180981915029324,34.0
55.0,qwen/qwen2.5-vl-32b-instruct,-0.0139021987336401,-0.0168511499801699,0.825,-1.0067816089351098,93.0,0.6897839219908871,7.0,-0.0385173109151989,51.0,0.5888029587535212,10.0,0.525,88.0,0.0,1.0,0.075,86.0,3.525,33.0,2.2,91.0,8.175,22.0,2.675,94.0,5.775,50.0,4.725,87.0,7.5,27.0,5.4,90.0,6.325,73.0,4.475,81.0,6.975,14.0,6.5,62.0,6.5,37.0,7.25,12.0,7.625,13.0,7.675,18.0,151.7027027027027,28.0,93.56756756756756,18.0,1112.7567567567569,6.0,1086.4594594594594,1.0,30.44522945533805,55.0,2.24980994815509,8.0,11.597323184717323,76.0,2.178752417857296,60.0,22.161719373014705,11.0,13.444290371670553,42.0,24.241222731938716,72.0,17.00887703442496,29.0,0.7101471686904033,41.0,0.1465471939317302,44.0,5.888949017628952,29.0,13.49572618374152,33.0
56.0,nvidia/llama-3.1-nemotron-70b-instruct,-0.0147505389947852,-0.0147505389947852,1.0,-0.3888064865779541,78.0,0.7983614085185144,6.0,-0.177874626415476,62.0,-1.2318397042420186,100.0,0.0,1.0,0.0,1.0,0.0,1.0,2.0,76.0,1.5,93.0,9.325,3.0,5.075,76.0,6.875,16.0,7.95,7.0,5.475,93.0,7.125,39.0,5.675,87.0,7.05,13.0,6.625,19.0,5.975,81.0,4.625,73.0,6.825,16.0,7.125,35.0,3.6,98.0,176.525,18.0,134.2,10.0,438.3,64.0,449.375,30.0,29.90706659672636,56.0,0.1106194690265486,78.0,12.935747435651985,73.0,5.734847119642334,13.0,4.469285118956418,94.0,18.81510335073808,24.0,18.81436124794528,92.0,12.666051837218474,66.0,0.239644665324156,89.0,0.0628140703517588,65.0,3.5933573219719115,74.0,14.430405080768931,24.0
57.0,minimax/minimax-m1,-0.015983625622225,-0.016393462176641,0.975,0.3557520588301159,33.0,-0.2145326998066673,70.0,0.3306518916138076,28.0,-0.1081496939518461,63.0,0.025,37.0,0.075,92.0,0.0,1.0,2.675,50.0,6.2,34.0,6.525,76.0,6.825,40.0,5.95,42.0,7.2,39.0,7.375,33.0,7.475,27.0,7.8,31.0,6.675,21.0,4.875,51.0,6.7,54.0,6.175,46.0,4.125,61.0,7.0,45.0,7.0,39.0,183.7,16.0,114.3,13.0,841.775,13.0,280.7,66.0,18.92306826780033,73.0,0.2218183239524703,68.0,30.593888988769493,20.0,5.42112999378258,15.0,12.960974745279918,28.0,21.07647639821138,19.0,35.755331131248205,14.0,14.077452349750672,54.0,0.6085113278658455,52.0,0.2189758513258304,37.0,3.6775690038852185,73.0,8.624607300918694,56.0
58.0,claude-sonnet-4-5-20250929,-0.0179418112779699,-0.0279094842101754,0.6428571428571429,0.3525822028348318,34.0,-0.2658547384716425,76.0,0.4174066489844966,19.0,0.028979337402552,54.0,0.5,86.0,0.8571428571428571,99.0,0.3333333333333333,96.0,2.0,76.0,6.823529411764706,17.0,7.352941176470588,51.0,7.9411764705882355,16.0,4.352941176470588,77.0,7.647058823529412,22.0,7.294117647058823,38.0,6.117647058823529,74.0,8.647058823529411,6.0,7.117647058823529,11.0,3.941176470588236,77.0,4.823529411764706,91.0,7.647058823529412,8.0,2.0,91.0,7.470588235294118,21.0,6.588235294117647,54.0,137.46428571428572,39.0,52.96428571428572,71.0,298.1428571428572,93.0,260.5357142857143,72.0,52.57405321216368,11.0,2.908049301885322,4.0,26.37743530197866,31.0,3.81540662958556,24.0,33.950109310541016,1.0,28.14396389225192,8.0,37.76087391422765,9.0,15.686177164510587,42.0,0.556366309128088,57.0,0.0,73.0,4.93764015871674,49.0,3.343600665489006,95.0
59.0,inclusionai/ring-1t,-0.0236376011502884,-0.0277484883068603,0.8518518518518519,-0.4564271800794207,82.0,0.0875130642640788,51.0,-0.7018418513804785,89.0,-0.0260321698570835,58.0,0.4444444444444444,84.0,0.0,1.0,0.0222222222222222,67.0,4.136363636363637,24.0,3.0,84.0,7.068181818181818,61.0,4.636363636363637,82.0,4.681818181818182,70.0,7.318181818181818,35.0,6.227272727272728,78.0,6.727272727272728,52.0,5.568181818181818,88.0,4.477272727272728,80.0,4.159090909090909,69.0,4.7727272727272725,93.0,4.909090909090909,69.0,6.090909090909091,35.0,6.613636363636363,61.0,6.113636363636363,75.0,271.65909090909093,9.0,79.20454545454545,26.0,662.9318181818181,25.0,699.1590909090909,5.0,37.54232343794248,39.0,0.0666488936283657,80.0,35.707098797997475,11.0,0.9712087922258686,90.0,5.229125075188872,85.0,5.088035352772125,91.0,29.617434722850216,42.0,28.14480000305165,3.0,2.651931798534584,2.0,0.7376249112187255,10.0,2.9348726762934345,81.0,5.256489818193285,82.0
60.0,sao10k/l3.1-euryale-70b,-0.0341289184895444,-0.0351878109486472,0.9699074074074074,-0.1950187426072994,71.0,0.3157563397563155,31.0,0.3456507961046885,26.0,-0.1706556702339974,69.0,0.0625,51.0,0.0416666666666666,85.0,0.0416666666666666,80.0,1.9565217391304348,99.0,2.5217391304347827,88.0,7.695652173913044,40.0,5.869565217391305,57.0,6.760869565217392,18.0,6.5,61.0,7.456521739130435,30.0,5.956521739130435,78.0,7.282608695652174,46.0,6.065217391304348,37.0,5.282608695652174,45.0,7.195652173913044,33.0,7.065217391304348,20.0,4.826086956521739,55.0,7.3478260869565215,31.0,6.869565217391305,44.0,85.30434782608695,74.0,55.5,64.0,435.3695652173913,65.0,341.4130434782609,51.0,29.522116459418687,57.0,0.2892827281414238,57.0,30.64545567141901,19.0,3.711648455937533,29.0,15.46628703926555,24.0,10.522248842549754,59.0,26.490646004887207,61.0,14.295628725570824,51.0,0.506517210583385,67.0,0.0934174960246846,56.0,4.580328747543302,55.0,13.552545285975429,32.0
61.0,deepcogito/cogito-v2-preview-llama-70b,-0.0523476607389668,-0.0567770781861102,0.9219858156028368,0.1830634445578339,46.0,-0.1047751185368105,65.0,0.10666531752698,41.0,-0.4545212977628096,85.0,0.1914893617021276,70.0,0.0638297872340425,90.0,0.0425531914893617,82.0,2.0,76.0,4.644444444444445,64.0,6.644444444444445,74.0,7.533333333333333,29.0,5.333333333333333,61.0,7.688888888888889,18.0,6.133333333333334,83.0,6.8,49.0,7.177777777777778,49.0,6.155555555555556,35.0,4.688888888888889,56.0,6.755555555555556,51.0,5.622222222222222,56.0,4.0,62.0,6.822222222222222,55.0,5.377777777777778,86.0,84.44444444444444,75.0,50.91111111111111,75.0,370.1111111111111,79.0,330.8888888888889,54.0,44.54449026301076,26.0,0.7132469344495423,29.0,25.584421736673068,34.0,5.999191225411005,11.0,16.152527544981176,23.0,22.384381715788965,17.0,37.559856628599,11.0,11.68862064078414,71.0,0.4951831029303836,70.0,0.1516875237011755,42.0,6.2527863397798455,22.0,14.344196616580687,25.0
62.0,qwen/qwen3-32b,-0.0609888720622009,-0.0635300750647926,0.96,-0.401070437507446,79.0,0.0141713677334471,57.0,-0.3046660873447525,70.0,0.174564575029294,41.0,0.12,64.0,0.0,1.0,0.0,1.0,3.12,42.0,3.74,77.0,6.7,71.0,5.08,75.0,4.12,81.0,5.04,85.0,7.36,34.0,6.4,62.0,5.5,90.0,5.32,55.0,4.7,55.0,6.26,76.0,5.2,64.0,5.48,46.0,7.06,42.0,6.12,74.0,71.62,86.0,57.24,61.0,475.14,55.0,304.96,59.0,8.710798319232799,89.0,0.2339181286549707,67.0,12.672865197756574,75.0,3.050211030152377,39.0,7.330610604853065,61.0,5.734534094993994,86.0,20.62646379095783,87.0,10.75465563890144,77.0,1.1258675151680615,26.0,0.0,73.0,2.909579592897671,82.0,9.74628022828815,46.0
63.0,claude-opus-4-20250514,-0.0762830299973679,-0.0770797196056955,0.9896640826873384,0.6916889919823022,10.0,-0.371849903280446,80.0,1.0124174376400927,2.0,-0.2477385667022087,73.0,0.0,1.0,0.0465116279069767,87.0,0.0,1.0,2.0,76.0,7.558139534883721,9.0,7.744186046511628,33.0,8.093023255813954,15.0,6.418604651162791,28.0,8.0,6.0,7.232558139534884,41.0,5.558139534883721,86.0,8.395348837209303,14.0,7.023255813953488,14.0,2.488372093023256,97.0,7.534883720930233,16.0,8.279069767441861,2.0,1.697674418604651,96.0,7.395348837209302,25.0,4.465116279069767,94.0,94.4186046511628,68.0,68.13953488372093,42.0,354.8139534883721,84.0,225.4186046511628,83.0,21.729889539961,67.0,0.6618000153343907,33.0,33.740845241289755,14.0,3.5677167710052338,31.0,21.06397673018396,13.0,24.97159901048485,12.0,40.08502784493187,8.0,19.327949970157725,18.0,0.836277357278488,32.0,0.1250312578144536,49.0,4.357250470853511,58.0,5.161362099802255,83.0
64.0,inclusionai/ling-flash-2.0,-0.0818826294454495,-0.0822889948521267,0.9950617283950616,-0.3704378152242228,77.0,0.3694933374461088,29.0,0.0643555689558101,45.0,-0.4820339485761022,88.0,0.0,1.0,0.0222222222222222,78.0,0.0,1.0,2.0,76.0,3.022222222222222,83.0,8.955555555555556,5.0,5.466666666666667,64.0,5.333333333333333,61.0,5.422222222222223,78.0,5.222222222222222,95.0,5.711111111111111,81.0,5.711111111111111,85.0,5.711111111111111,44.0,6.222222222222222,24.0,6.266666666666667,75.0,6.266666666666667,43.0,5.866666666666666,38.0,7.666666666666667,12.0,5.844444444444444,80.0,189.57777777777775,15.0,131.7111111111111,11.0,575.2666666666667,39.0,516.4444444444445,17.0,16.86004904214753,76.0,0.2706334459856258,61.0,14.874466855832098,67.0,2.472992254286549,54.0,6.221958912532357,73.0,9.269671324583417,70.0,48.23964285624015,2.0,26.306890365443387,5.0,0.5331667195856216,62.0,0.4448332480144356,23.0,4.575506739558964,56.0,8.485674152086917,58.0
65.0,inclusionai/ring-flash-2.0,-0.0831128848037536,-0.0863095342192825,0.962962962962963,-0.4019071953078048,80.0,0.0815610206003461,52.0,-0.542998640498672,85.0,-0.3709211276431524,83.0,0.1111111111111111,62.0,0.0,1.0,0.0,1.0,2.488888888888889,52.0,4.755555555555556,61.0,6.2444444444444445,83.0,5.533333333333333,63.0,4.6,71.0,5.977777777777778,69.0,4.466666666666667,99.0,7.488888888888889,25.0,6.266666666666667,75.0,4.6,77.0,6.222222222222222,24.0,5.2444444444444445,88.0,5.933333333333334,49.0,7.022222222222222,14.0,6.066666666666666,84.0,6.2444444444444445,71.0,236.48888888888888,11.0,91.33333333333331,20.0,556.7777777777778,41.0,538.9333333333333,14.0,25.93265481857609,62.0,0.7336094090416362,26.0,16.688384741933486,58.0,2.4109830738341063,55.0,3.9793763227717895,96.0,5.1841572870705095,90.0,34.341062392386064,22.0,27.66323066989031,4.0,1.8498321819876955,5.0,1.6709767634430237,1.0,2.689380006030916,83.0,5.5350609221107785,77.0
66.0,deepcogito/cogito-v2-preview-llama-109b-moe,-0.0872978499214742,-0.0953044574586508,0.9159891598915988,-0.1440315841835684,69.0,0.0651544211963151,54.0,-0.0179984164127908,49.0,-0.4693147525002054,86.0,0.1707317073170731,68.0,0.1219512195121951,95.0,0.1219512195121951,91.0,2.365853658536585,55.0,3.8780487804878048,73.0,7.390243902439025,50.0,6.097560975609756,52.0,5.317073170731708,63.0,6.365853658536586,65.0,6.146341463414634,82.0,6.512195121951219,59.0,6.951219512195122,56.0,5.926829268292683,42.0,5.853658536585366,31.0,6.195121951219512,77.0,5.2682926829268295,62.0,5.219512195121951,51.0,6.073170731707317,83.0,5.170731707317073,89.0,86.08333333333333,72.0,55.30555555555556,65.0,363.55555555555554,82.0,278.1111111111111,69.0,42.03836198167313,32.0,1.7730759088129182,12.0,20.10893740297483,47.0,2.7430135981992065,48.0,14.65647365755575,26.0,20.56436846490944,22.0,28.654811862213244,47.0,8.471344631431101,88.0,0.5826604866969952,54.0,0.0,73.0,5.244059462442705,36.0,17.947286465391272,7.0
67.0,deepseek/deepseek-prover-v2,-0.1022801696842092,-0.1031396669084462,0.9916666666666668,0.1037921440142674,52.0,-0.0023565379669937,60.0,0.3093772932850928,32.0,-0.6149035668815208,96.0,0.025,37.0,0.0,1.0,0.0,1.0,2.25,63.0,4.675,63.0,8.55,15.0,6.875,38.0,5.85,47.0,7.225,38.0,6.6,63.0,6.2,70.0,7.775,32.0,5.3,56.0,4.875,51.0,6.55,60.0,5.65,54.0,3.725,69.0,7.375,28.0,4.425,95.0,131.325,40.0,51.175,73.0,291.575,95.0,412.175,38.0,44.089578864597456,28.0,0.729075557479974,27.0,21.10530245807225,44.0,2.6287755433064324,49.0,9.695044293314725,44.0,11.010671987641135,56.0,35.01570671423667,18.0,12.301015180962573,67.0,1.6339943324273245,11.0,0.2461455283881333,33.0,2.558611399976362,89.0,9.445286447392022,50.0
68.0,mistralai/mistral-large-2411,-0.1040063211061876,-0.1040063211061876,1.0,-1.046625204286942,96.0,0.5722606295836488,16.0,-0.0137186945472876,47.0,0.3997565057191453,24.0,0.0,1.0,0.0,1.0,0.0,1.0,2.0,76.0,1.0,99.0,7.84,29.0,2.32,96.0,6.4,29.0,3.14,97.0,7.9,15.0,4.16,96.0,5.86,83.0,4.96,66.0,6.16,27.0,6.0,80.0,6.38,39.0,6.68,19.0,6.86,53.0,7.74,17.0,51.14,97.0,41.64,88.0,416.32,70.0,325.64,57.0,23.29273850464512,65.0,0.7407407407407408,25.0,31.01182569912152,18.0,1.8053798373195131,71.0,10.716524746445094,42.0,20.684955782949004,20.0,21.63294748685994,83.0,13.228504133348627,62.0,0.6813715099891745,43.0,0.0,73.0,7.309680508738394,15.0,20.19847926838076,5.0
69.0,nex-agi/deepseek-v3.1-nex-n1:free,-0.1054659365407153,-0.1458008715186691,0.7233560090702948,0.1358492597559921,50.0,-0.609858722025584,88.0,-0.3161869320654697,71.0,-0.1821706635608831,71.0,0.8163265306122449,95.0,0.0204081632653061,73.0,0.0408163265306122,79.0,2.0,76.0,4.681818181818182,62.0,3.886363636363636,99.0,7.159090909090909,32.0,3.704545454545455,88.0,6.590909090909091,58.0,6.2727272727272725,77.0,7.068181818181818,43.0,6.727272727272728,66.0,5.340909090909091,54.0,3.522727272727273,80.0,6.318181818181818,72.0,4.886363636363637,70.0,2.159090909090909,89.0,6.136363636363637,80.0,7.090909090909091,36.0,114.2127659574468,52.0,64.91489361702128,47.0,388.2340425531915,77.0,287.1063829787234,63.0,69.79841448564783,1.0,0.8160740845421749,21.0,51.31421847743573,3.0,3.229901123652035,33.0,26.018032409315992,6.0,18.60191428584362,25.0,26.074351915483422,63.0,16.683623888113583,32.0,0.2201424461307891,90.0,0.0397693378405249,70.0,3.450909534705296,76.0,4.994763528236143,85.0
70.0,z-ai/glm-4.6v,-0.1129956691272746,-0.1240196368470087,0.9111111111111112,0.1397631645412981,49.0,-0.4297444141405421,82.0,-0.1513230652773041,59.0,-0.3014977285257931,76.0,0.2666666666666666,79.0,0.0,1.0,0.0222222222222222,67.0,2.414634146341464,53.0,5.170731707317073,56.0,4.414634146341464,94.0,7.780487804878049,22.0,4.804878048780488,68.0,6.2682926829268295,66.0,6.951219512195122,51.0,6.7073170731707314,55.0,7.414634146341464,43.0,6.536585365853658,24.0,3.8536585365853657,78.0,7.121951219512195,37.0,4.195121951219512,84.0,3.8536585365853657,66.0,5.853658536585366,86.0,6.7073170731707314,50.0,115.75,47.0,65.22727272727273,46.0,633.5,30.0,790.9318181818181,3.0,44.32773821594172,27.0,0.7905138339920948,22.0,41.344207768841066,8.0,2.3396340666672493,56.0,11.599170511966514,37.0,9.776474112460654,65.0,23.674018568549137,76.0,10.038767636629334,81.0,0.7793614955312186,35.0,0.0,73.0,6.245510332809519,23.0,5.771714164104795,76.0
71.0,claude-3-opus-20240229,-0.1141363667849166,-0.1213726782237298,0.940379403794038,0.3360276554267671,37.0,-0.3108335606701309,78.0,0.2981097417948755,33.0,-0.5698276674621411,94.0,0.0975609756097561,59.0,0.1219512195121951,95.0,0.0975609756097561,89.0,2.135135135135135,68.0,6.1891891891891895,35.0,7.702702702702703,38.0,7.72972972972973,23.0,5.72972972972973,52.0,6.702702702702703,54.0,6.621621621621622,62.0,6.297297297297297,65.0,7.27027027027027,47.0,6.054054054054054,38.0,4.324324324324325,66.0,6.72972972972973,52.0,5.918918918918919,50.0,3.6486486486486487,70.0,5.702702702702703,89.0,4.1891891891891895,97.0,166.75675675675674,20.0,50.78378378378378,76.0,406.8108108108109,72.0,380.8648648648648,45.0,63.24016532408037,4.0,0.9921569155018632,17.0,41.71836603260991,6.0,10.957420287255133,1.0,14.014935946690466,27.0,16.37826840274105,29.0,27.01396359616812,56.0,10.120322578850798,80.0,0.4429888469896187,75.0,0.0,73.0,5.143178388127243,40.0,13.073062206745544,36.0
72.0,inclusionai/ming-flash-omni-preview,-0.1311086737300399,-0.1679829882166136,0.7804878048780488,-0.921062904364577,90.0,0.1679553136885395,47.0,-0.0837775253896207,55.0,0.5535869314103756,15.0,0.6585365853658537,91.0,0.0,1.0,0.024390243902439,71.0,3.3125,38.0,2.96875,85.0,6.6875,72.0,3.5625,90.0,4.5625,73.0,4.40625,89.0,7.4375,32.0,4.9375,93.0,5.3125,93.0,4.6875,74.0,5.4375,41.0,6.375,69.0,7.0,24.0,6.46875,24.0,7.0,45.0,7.15625,35.0,141.025,36.0,97.85,16.0,313.325,90.0,245.25,77.0,27.817496593201536,59.0,0.5986355970044869,36.0,26.3484244649426,32.0,1.0116900134038989,87.0,18.04316773886853,19.0,10.005673063421302,62.0,26.63176312948429,60.0,7.115387314256748,93.0,0.5148049011659446,66.0,0.0,73.0,5.020724222118522,45.0,8.645135949853536,55.0
73.0,claude-opus-4-1-20250805,-0.1324772032825399,-0.1338940717668452,0.9894179894179894,0.6015194744539413,14.0,-0.47514584345403,84.0,0.9181644133150096,4.0,-0.2693345374637517,75.0,0.0,1.0,0.0476190476190476,88.0,0.0,1.0,2.0,76.0,7.452380952380952,10.0,7.642857142857143,45.0,7.880952380952381,17.0,6.071428571428571,40.0,7.738095238095238,16.0,7.119047619047619,46.0,5.833333333333333,79.0,8.095238095238095,23.0,6.809523809523809,18.0,2.642857142857143,95.0,7.238095238095238,32.0,8.119047619047619,3.0,1.8333333333333333,93.0,7.285714285714286,32.0,4.404761904761905,96.0,101.57142857142856,62.0,74.85714285714286,32.0,359.1904761904762,83.0,236.3095238095238,80.0,23.39410796431592,63.0,0.1920122887864823,70.0,27.56347217331398,29.0,5.030261415271961,17.0,22.0536819617169,12.0,26.04791691349764,10.0,44.99890779150662,4.0,21.856598834653315,11.0,0.5192273791221689,64.0,0.1030715316429602,53.0,4.710186257540873,53.0,4.308753732361911,90.0
74.0,moonshotai/kimi-k2,-0.1424819427736956,-0.1431588166111003,0.9952718676122932,0.4250108830070057,29.0,-0.5187611563975697,86.0,0.4020358097868849,21.0,-0.3336056630424679,78.0,0.0,1.0,0.0212765957446808,76.0,0.0,1.0,2.0,76.0,6.297872340425532,29.0,6.468085106382978,79.0,7.872340425531915,18.0,4.0638297872340425,83.0,7.404255319148936,31.0,5.595744680851064,91.0,7.25531914893617,34.0,8.638297872340425,8.0,6.361702127659575,29.0,2.574468085106383,96.0,7.0212765957446805,39.0,7.48936170212766,12.0,2.3191489361702127,87.0,7.553191489361702,17.0,6.9361702127659575,43.0,67.95744680851064,92.0,61.0,54.0,466.4468085106383,57.0,194.82978723404256,89.0,10.321977191892264,85.0,0.0,82.0,29.146578108131383,27.0,1.372977015466469,78.0,4.9402425967922285,90.0,13.109329871771845,44.0,34.43427034550488,21.0,23.605503679272527,9.0,0.5037328271088586,68.0,0.150897842160857,43.0,3.814683507917181,71.0,4.877354040684105,86.0
75.0,meta-llama/llama-4-scout,-0.1488729106819034,-0.1488729106819034,1.0,-0.845574907873683,88.0,0.3704123013276774,28.0,0.1647570402916319,38.0,0.2809837176862883,32.0,0.0,1.0,0.0,1.0,0.0,1.0,2.0,76.0,1.4375,95.0,7.6875,41.0,3.8333333333333335,86.0,5.583333333333333,55.0,4.083333333333333,93.0,8.520833333333334,4.0,4.770833333333333,95.0,6.229166666666667,76.0,4.895833333333333,68.0,5.916666666666667,29.0,6.4375,65.0,7.104166666666667,18.0,6.104166666666667,34.0,6.833333333333333,54.0,7.354166666666667,28.0,83.54166666666667,76.0,47.958333333333336,81.0,614.25,35.0,413.1875,37.0,64.1107261178314,3.0,0.0,82.0,3.850739506792037,97.0,3.764762523248793,26.0,8.628081140615008,50.0,25.32468538715652,11.0,21.71522401540337,81.0,7.829251221581765,91.0,1.2588033135919343,23.0,0.2482592179767837,31.0,3.5532451145852395,75.0,16.007930122071702,13.0
76.0,meta-llama/llama-3.1-405b-instruct,-0.1587571310239838,-0.1587571310239838,1.0,-0.5345803459487583,84.0,0.2109394619031914,45.0,0.3501617439380068,25.0,0.0469429332177702,50.0,0.0,1.0,0.0,1.0,0.0,1.0,2.3,57.0,3.725,78.0,7.725,36.0,4.775,81.0,5.825,48.0,5.075,84.0,7.5,27.0,6.1,75.0,6.75,64.0,5.425,53.0,5.725,34.0,6.8,48.0,6.8,28.0,6.025,36.0,7.725,11.0,6.825,47.0,108.1,56.0,70.625,40.0,651.9,27.0,558.275,9.0,42.57597929868068,31.0,0.5050505050505051,39.0,7.698858749090272,90.0,1.8467813201393235,68.0,4.897251200598375,91.0,22.79054798221052,16.0,19.793546326958737,90.0,13.457517649033246,60.0,0.4931054071205676,71.0,0.0796181693058128,59.0,4.074822164376066,64.0,15.407791919867114,17.0
77.0,qwen/qwq-32b,-0.1641106486113637,-0.178633714860157,0.91869918699187,-0.2009881803832993,72.0,-0.3779187375101548,81.0,-0.1242400297946426,58.0,0.0356513462223703,52.0,0.2439024390243902,76.0,0.0,1.0,0.024390243902439,71.0,3.225,40.0,4.4,67.0,5.95,86.0,5.375,67.0,3.175,92.0,5.725,74.0,7.625,23.0,7.5,22.0,7.725,35.0,6.05,39.0,4.675,58.0,6.275,74.0,5.375,59.0,5.65,41.0,7.225,33.0,6.65,51.0,72.35,84.0,53.925,66.0,496.825,48.0,388.125,44.0,16.125382358153256,79.0,0.8223684210526315,20.0,4.172112747437528,95.0,3.191302343438031,35.0,6.944843150054974,67.0,7.038571544042711,81.0,21.28558826326089,85.0,17.163235379786915,27.0,1.847904301125379,6.0,0.5401554851887351,19.0,3.42406398779252,77.0,7.610225370041954,63.0
78.0,meta-llama/llama-3.1-70b-instruct,-0.1667425087316361,-0.1667425087316361,1.0,0.0360888253866883,56.0,-0.1159875001699806,66.0,0.4040840829525275,20.0,-0.5211024007640314,90.0,0.0,1.0,0.0,1.0,0.0,1.0,2.0,76.0,3.7948717948717943,75.0,6.974358974358975,62.0,6.923076923076923,37.0,5.564102564102564,58.0,6.794871794871795,51.0,6.641025641025641,61.0,6.794871794871795,50.0,7.076923076923077,53.0,6.230769230769231,31.0,4.717948717948718,54.0,7.512820512820513,17.0,7.128205128205129,17.0,4.743589743589744,56.0,6.487179487179487,66.0,6.282051282051282,67.0,107.1,59.0,75.2,31.0,2448.2,2.0,558.8,8.0,40.135020270487175,33.0,0.0,82.0,8.855844069191162,87.0,1.5420981276144818,76.0,4.837363353258129,92.0,15.262057933231947,31.0,17.92313390413587,94.0,15.835227653077007,40.0,0.5284877289081498,63.0,0.1646506366230639,41.0,5.0495191207106815,43.0,16.004339277219657,14.0
79.0,deepcogito/cogito-v2-preview-llama-405b,-0.1671482338161627,-0.2149048720493521,0.7777777777777778,0.1419036305387961,48.0,-0.5836253264186977,87.0,0.0987071620965694,43.0,-0.3033080278460079,77.0,0.5365853658536586,90.0,0.1951219512195122,97.0,0.1219512195121951,91.0,2.28125,62.0,5.5,48.0,6.28125,82.0,6.875,38.0,4.375,75.0,6.21875,67.0,6.71875,59.0,7.09375,42.0,6.5625,70.0,6.25,30.0,3.5,81.0,6.78125,49.0,5.78125,52.0,3.375,75.0,6.1875,78.0,5.6875,82.0,107.27777777777776,57.0,59.19444444444444,57.0,340.1388888888889,85.0,252.55555555555557,74.0,45.46163398382579,24.0,2.343551461606401,7.0,23.69726902786057,37.0,7.075413977238948,5.0,25.697659028155247,7.0,23.04913415237085,15.0,29.14454499221832,43.0,11.11092404262535,75.0,0.3826680207299195,81.0,0.2238222366043739,36.0,4.340718493663467,59.0,13.98074364337072,28.0
80.0,meta-llama/llama-3.2-90b-vision-instruct,-0.1727575263025926,-0.1727575263025926,1.0,0.4069461647140834,31.0,-0.4581088935185285,83.0,0.6755174148670078,7.0,-0.3568197266065712,81.0,0.0,1.0,0.0,1.0,0.0,1.0,2.0,76.0,6.333333333333333,27.0,6.738095238095238,70.0,7.619047619047619,26.0,3.952380952380953,84.0,7.166666666666667,40.0,7.452380952380952,31.0,5.976190476190476,77.0,8.761904761904763,3.0,7.785714285714286,2.0,4.333333333333333,65.0,7.5,18.0,6.4523809523809526,38.0,3.4285714285714284,73.0,7.619047619047619,14.0,5.928571428571429,79.0,143.57142857142858,33.0,91.66666666666669,19.0,587.5952380952381,38.0,546.6190476190476,11.0,47.4566190890862,19.0,0.0,82.0,15.99668836259016,61.0,1.1718341876622766,82.0,7.072095494166108,65.0,41.57641764006331,2.0,16.031867600767193,97.0,15.216069980316425,45.0,0.4632541193171806,74.0,0.0373775883979965,71.0,7.803078117898599,12.0,13.121599484064156,35.0
81.0,claude-opus-4-5-20251101,-0.1890376463550525,-0.255795696291627,0.7390180878552972,-0.1690906387201081,70.0,-0.5140011834018208,85.0,-0.0901932378419943,56.0,-0.2016169615016737,72.0,0.1162790697674418,63.0,1.0,100.0,0.0,1.0,2.9375,44.0,6.125,39.0,6.21875,84.0,6.5,45.0,4.90625,66.0,6.4375,62.0,5.625,90.0,5.21875,91.0,6.71875,68.0,5.59375,46.0,4.125,73.0,4.8125,92.0,5.40625,58.0,3.0625,79.0,6.21875,76.0,6.375,64.0,161.46511627906978,24.0,39.395348837209305,91.0,238.90697674418604,97.0,237.04651162790697,79.0,66.37146843941038,2.0,0.1519987840097279,75.0,41.4870824214204,7.0,0.2191809014200453,99.0,28.31973526626739,3.0,31.39840726492988,4.0,24.087490034969896,73.0,7.528525639203869,92.0,0.6566754956610195,48.0,0.5526138161033245,17.0,2.614398071508804,86.0,5.327851023475281,81.0
82.0,deepseek/deepseek-chat-v3.1,-0.1990916705967877,-0.1990916705967877,1.0,0.7154253411075582,7.0,-0.7436122559744113,91.0,0.8930035795382283,5.0,-0.3685047564176994,82.0,0.0,1.0,0.0,1.0,0.0,1.0,2.125,69.0,6.55,21.0,6.675,73.0,8.525,4.0,4.175,79.0,7.925,8.0,7.85,16.0,6.725,53.0,8.8,2.0,7.575,7.0,3.475,83.0,7.25,30.0,7.025,23.0,1.725,95.0,7.775,8.0,6.275,68.0,114.975,50.0,68.125,43.0,707.625,20.0,529.825,15.0,35.01001205869373,43.0,0.176056338028169,72.0,14.16745286744553,70.0,4.145931420835908,20.0,8.075056929564035,55.0,7.530301628294924,76.0,33.91148845241304,23.0,19.083637460084848,20.0,0.6633004095540965,46.0,0.0,73.0,8.00450348484497,9.0,9.688350967233886,48.0
83.0,minimax/minimax-01,-0.2080259764337857,-0.2170705841048198,0.9583333333333334,-1.0384406104538109,95.0,0.507514133711286,19.0,0.2748580901329293,34.0,0.0665493085000217,47.0,0.125,65.0,0.0,1.0,0.0,1.0,2.3,57.0,1.3,96.0,7.675,44.0,3.8,88.0,6.725,19.0,3.85,95.0,7.2,42.0,5.55,87.0,5.975,81.0,5.225,58.0,6.8,18.0,6.675,55.0,7.35,14.0,6.575,23.0,7.1,39.0,7.825,12.0,115.025,49.0,50.025,77.0,646.075,28.0,490.9,21.0,35.29843991034137,41.0,2.3981070650659904,6.0,15.83792954068806,64.0,6.559543162537774,8.0,27.51743620421754,4.0,11.754668668562465,50.0,15.651725948322172,98.0,9.03747949372439,86.0,0.199591766341444,93.0,0.0,73.0,5.099795656297907,41.0,20.430294552203303,4.0
84.0,openai/gpt-5.2,-0.2228052602316612,-0.3342078903474919,0.6666666666666667,0.0306739516768091,58.0,-0.745089427111982,92.0,-0.0232891234458596,50.0,-0.5843722830804021,95.0,1.0,100.0,0.0,1.0,0.0,1.0,2.097560975609756,71.0,5.463414634146342,52.0,5.121951219512195,90.0,7.804878048780488,19.0,4.902439024390244,67.0,5.219512195121951,82.0,6.439024390243903,68.0,6.902439024390244,47.0,7.195121951219512,48.0,6.902439024390244,15.0,5.0,49.0,4.170731707317073,95.0,4.975609756097561,67.0,3.3902439024390243,74.0,6.487804878048781,65.0,6.609756097560975,53.0,160.8780487804878,25.0,261.1219512195122,2.0,1965.341463414634,4.0,300.219512195122,60.0,1.8698058566398843,99.0,0.148720999405116,76.0,21.40723156329148,42.0,1.8004272172906863,73.0,10.327208788983858,43.0,8.815136607259507,72.0,27.175112889189197,55.0,11.023208691511169,76.0,0.7402041934984234,40.0,0.6724303439084726,13.0,4.0208182528730525,66.0,2.84007642439587,97.0
85.0,qwen/qwen3-235b-a22b-thinking-2507,-0.2345426325500106,-0.2870323435172935,0.8171296296296295,-0.962772746615026,91.0,-0.2645472744904255,74.0,-0.6899928408347662,88.0,0.2602049182959967,35.0,0.5208333333333334,87.0,0.0416666666666666,85.0,0.0416666666666666,80.0,3.422222222222222,36.0,3.2,82.0,3.955555555555556,98.0,3.1777777777777776,92.0,2.7777777777777777,96.0,5.933333333333334,70.0,6.644444444444445,60.0,5.666666666666667,84.0,5.444444444444445,92.0,4.0,90.0,4.888888888888889,50.0,2.466666666666667,99.0,6.2444444444444445,44.0,7.377777777777778,9.0,7.066666666666666,41.0,6.622222222222222,52.0,173.84782608695653,19.0,91.0,21.0,399.9782608695652,74.0,424.2391304347826,35.0,30.863594800122343,53.0,0.0765462339252908,79.0,17.577182920314876,54.0,0.5256295222473532,96.0,1.5101547431432727,99.0,2.5561223452016386,98.0,30.416182973844236,39.0,31.78996087203172,1.0,1.8058799028888717,7.0,0.5522281742985067,18.0,1.0926464029498562,99.0,2.40138185269338,98.0
86.0,moonshotai/kimi-k2-0905,-0.2456877563470856,-0.2456877563470856,1.0,0.4709750100434527,23.0,-0.7426850080652904,90.0,0.4692134711651189,15.0,-0.5347149090978313,91.0,0.0,1.0,0.0,1.0,0.0,1.0,2.0,76.0,5.975609756097561,42.0,6.2926829268292686,81.0,7.804878048780488,19.0,3.634146341463415,89.0,7.439024390243903,29.0,5.121951219512195,97.0,7.512195121951219,21.0,8.390243902439025,15.0,6.390243902439025,27.0,2.8780487804878048,94.0,6.609756097560975,57.0,7.146341463414634,16.0,2.5853658536585367,83.0,7.975609756097561,6.0,6.536585365853658,58.0,60.02439024390244,94.0,58.65853658536585,59.0,462.6829268292683,58.0,203.4390243902439,88.0,5.206056774249587,96.0,0.0,82.0,17.156698778451773,56.0,0.6998265971588761,94.0,5.01747882028471,88.0,11.547053704657843,52.0,40.16718159218482,7.0,25.78240987956822,6.0,0.39865991491159,80.0,0.0967866821525358,55.0,2.2206041433241057,94.0,3.122916838803355,96.0
87.0,nvidia/llama-3.1-nemotron-ultra-253b-v1,-0.2792740473835675,-0.2864349203934025,0.975,-1.3441865676917488,98.0,0.6047133533590554,12.0,0.557182226875008,10.0,0.3730535910286086,26.0,0.075,55.0,0.0,1.0,0.0,1.0,2.3,57.0,1.5,93.0,8.625,10.0,2.375,95.0,7.0,14.0,3.275,96.0,7.575,25.0,4.05,98.0,7.325,45.0,4.775,70.0,6.2,26.0,5.85,85.0,7.525,11.0,6.35,27.0,8.325,1.0,7.5,23.0,158.925,26.0,103.5,14.0,692.925,22.0,412.075,39.0,32.63932190379461,51.0,0.0,82.0,20.37483866251958,46.0,5.941742887596694,12.0,6.771704387349932,69.0,15.25161125887792,32.0,24.26710637121672,71.0,10.47130990040823,78.0,0.6347310913153945,50.0,0.0,73.0,5.535957579187087,35.0,15.62017563954718,15.0
88.0,deepseek/deepseek-v3.2-exp,-0.2821030055815822,-0.2891555807211218,0.975609756097561,0.4507474348733353,25.0,-0.8613579179141949,93.0,0.5351847813605357,11.0,-0.4344279630182705,84.0,0.073170731707317,53.0,0.0,1.0,0.0,1.0,2.05,75.0,6.325,28.0,5.725,87.0,8.25,9.0,3.95,85.0,7.825,12.0,7.05,48.0,6.125,73.0,8.675,5.0,6.825,17.0,3.45,84.0,6.6,58.0,6.375,40.0,1.95,92.0,7.025,43.0,6.425,62.0,127.97560975609755,43.0,65.41463414634147,45.0,702.9756097560976,21.0,491.9756097560976,20.0,35.410707105394486,40.0,0.7211766408640146,28.0,5.591642500614925,93.0,1.2593549603992302,80.0,8.159383906559125,54.0,7.23697630394058,77.0,35.19140048324363,16.0,16.817418211812814,31.0,0.4671708128327493,73.0,0.0645491971998358,64.0,5.798618620258414,30.0,8.658688466689723,54.0
89.0,deepseek/deepseek-v3.1-terminus,-0.2860919321565908,-0.2860919321565908,1.0,0.6757434836696176,11.0,-0.9305563956204008,94.0,0.9641772489969878,3.0,-0.3485388374951236,80.0,0.0,1.0,0.0,1.0,0.0,1.0,2.0,76.0,6.95,15.0,6.425,80.0,8.65,2.0,4.075,82.0,7.75,15.0,7.85,16.0,6.225,69.0,8.725,4.0,7.625,4.0,3.125,91.0,6.725,53.0,7.4,13.0,1.25,98.0,7.375,28.0,6.4,63.0,165.35,22.0,69.4,41.0,712.0,19.0,542.5,13.0,32.96975257726714,50.0,0.9113311293480468,18.0,14.048830212666587,71.0,2.9690058809435294,40.0,9.375026986509102,47.0,6.382202930389454,83.0,34.63992981444007,19.0,16.958467806916836,30.0,0.7620069004006281,38.0,0.1441765378365978,47.0,6.320099561538951,20.0,8.69482153288308,53.0
90.0,deepseek/deepseek-r1-distill-qwen-32b,-0.301761115491396,-0.3291939441724321,0.9166666666666666,-1.2082278657464165,97.0,0.0116335340491002,59.0,-0.1592753488853509,60.0,0.4381517972588402,23.0,0.25,77.0,0.0,1.0,0.025,73.0,3.5142857142857142,34.0,2.571428571428572,87.0,7.085714285714285,60.0,3.0,93.0,3.914285714285714,86.0,4.314285714285714,91.0,7.771428571428571,19.0,5.114285714285714,92.0,4.828571428571428,95.0,5.285714285714286,57.0,5.457142857142857,39.0,5.628571428571429,86.0,6.171428571428572,47.0,6.285714285714286,29.0,7.114285714285714,36.0,7.371428571428571,27.0,99.94871794871794,64.0,51.41025641025641,72.0,430.02564102564105,68.0,204.43589743589743,87.0,6.035572864310164,92.0,0.0,82.0,14.029443706330111,72.0,2.772385212597756,46.0,12.66090125164028,31.0,9.446322728512095,66.0,22.74254465548948,80.0,8.421844856251996,89.0,0.4953888944829279,69.0,0.0,73.0,7.359241191962178,14.0,11.610952711168926,39.0
91.0,google/gemini-3-pro-preview,-0.3070027672141743,-0.4250807546042414,0.7222222222222222,0.5067974415439382,18.0,-1.3994554935074224,100.0,0.6424159062297247,9.0,-0.1085870032170885,64.0,0.8333333333333334,96.0,0.0,1.0,0.0,1.0,2.0,76.0,8.30952380952381,3.0,4.928571428571429,91.0,8.523809523809524,5.0,2.952380952380953,94.0,4.357142857142857,90.0,9.214285714285714,1.0,8.071428571428571,12.0,8.357142857142858,19.0,6.190476190476191,33.0,1.5714285714285714,99.0,6.428571428571429,66.0,6.642857142857143,35.0,1.1428571428571428,99.0,8.285714285714286,2.0,2.7142857142857144,99.0,143.33333333333334,34.0,72.69047619047619,37.0,610.7619047619048,36.0,278.54761904761904,68.0,43.25303581457199,29.0,0.4786773870743336,40.0,15.271868176132804,65.0,1.8637634006392856,67.0,4.301189581591252,95.0,12.565375473037156,48.0,27.712465433172994,51.0,21.44858473256274,12.0,1.87314011717028,4.0,0.2476629449760043,32.0,5.617282483976706,32.0,3.6289576342745726,94.0
92.0,allenai/olmo-2-0325-32b-instruct,-0.3227944407190081,-0.4678705938511465,0.6899224806201552,-0.7795309747152093,87.0,-0.6593800762306586,89.0,-0.7504636849288081,90.0,-0.5121418583960935,89.0,0.9302325581395348,99.0,0.0,1.0,0.0,1.0,2.324324324324324,56.0,3.4054054054054053,81.0,4.8108108108108105,92.0,5.0,77.0,3.2432432432432434,91.0,4.297297297297297,92.0,4.8108108108108105,98.0,5.54054054054054,88.0,4.486486486486487,98.0,3.72972972972973,93.0,3.3783783783783785,86.0,4.837837837837838,90.0,3.189189189189189,94.0,3.810810810810811,67.0,4.621621621621622,98.0,4.702702702702703,91.0,130.13953488372093,41.0,48.69767441860465,80.0,485.9302325581396,53.0,431.5348837209302,34.0,34.70818908736409,44.0,0.6076319895435097,35.0,7.224757824530841,92.0,6.38073203811523,9.0,12.0267089240185,36.0,13.132720722356597,43.0,24.513633960746,68.0,19.390637380650293,17.0,0.129459325342419,97.0,0.0898776257509557,57.0,4.59953863211807,54.0,5.453222103157874,79.0
93.0,openai/gpt-4o,-0.3250754212318151,-0.4524245553226292,0.7185185185185186,-1.52770978314475,99.0,-0.0342404191215989,61.0,-0.0449833395224738,52.0,0.5834034302814788,11.0,0.8444444444444444,98.0,0.0,1.0,0.1777777777777777,93.0,2.1538461538461537,67.0,1.051282051282051,98.0,7.435897435897436,49.0,2.0,97.0,3.051282051282051,93.0,3.102564102564102,98.0,8.58974358974359,3.0,4.076923076923077,97.0,2.1538461538461537,99.0,4.923076923076923,67.0,3.102564102564102,93.0,5.948717948717949,82.0,6.871794871794871,27.0,6.974358974358975,15.0,8.23076923076923,3.0,7.9743589743589745,9.0,67.97297297297297,91.0,32.027027027027025,96.0,412.97297297297297,71.0,249.13513513513516,75.0,33.394920359829804,48.0,0.910824278251501,19.0,1.694776290468216,99.0,0.4219086461404363,97.0,4.989281826199872,89.0,13.728040955926907,39.0,15.224838475743246,99.0,5.208949680280257,98.0,0.0625625625625625,99.0,0.0,73.0,10.651460904861148,1.0,5.453665917662208,78.0
94.0,mistralai/pixtral-large-2411,-0.3264701763006308,-0.3264701763006308,1.0,-0.988253864925712,92.0,0.194226513793057,46.0,0.4279140448756642,18.0,0.1041766888476535,44.0,0.0,1.0,0.0,1.0,0.0,1.0,2.0,76.0,2.625,86.0,7.725,36.0,3.825,87.0,6.5,25.0,4.0,94.0,7.95,12.0,4.775,94.0,6.3,74.0,5.225,58.0,5.3,44.0,6.525,61.0,7.05,22.0,5.8,39.0,6.625,60.0,6.85,45.0,72.325,85.0,33.725,94.0,379.1,78.0,324.35,58.0,61.92887719830776,5.0,0.2873563218390804,58.0,60.30919769823331,1.0,0.9763057481250552,89.0,12.044081804358424,35.0,17.482285528839235,27.0,27.383251158640466,54.0,12.69001963048888,64.0,0.215581326196848,91.0,0.0,73.0,9.788061920714664,3.0,20.70968154451856,3.0
95.0,deepseek/deepseek-v3.2,-0.3352522520653099,-0.3380694978809848,0.9916666666666668,0.4327520335309618,28.0,-1.042109023148815,97.0,0.4962095242933836,14.0,-0.3357541524715244,79.0,0.025,37.0,0.0,1.0,0.025,73.0,2.230769230769231,64.0,6.410256410256411,26.0,5.333333333333333,89.0,8.153846153846153,14.0,3.58974358974359,90.0,7.564102564102564,26.0,7.128205128205129,44.0,6.153846153846154,72.0,8.384615384615385,16.0,6.717948717948718,19.0,3.1538461538461537,90.0,6.487179487179487,63.0,5.871794871794871,51.0,1.7692307692307692,94.0,7.102564102564102,38.0,7.3076923076923075,31.0,105.15384615384616,61.0,64.35897435897436,49.0,615.3333333333334,34.0,403.5384615384616,41.0,19.9576532359878,69.0,0.3413124343356901,53.0,34.752723485951854,13.0,2.257005903803948,59.0,7.802290840666101,58.0,8.171975598073967,73.0,30.528997797538832,37.0,13.446500460712596,61.0,0.9843206969150332,30.0,0.1173502317667077,51.0,7.277274852470307,16.0,7.27036654132776,66.0
96.0,openai/gpt-5.1,-0.3487331875432403,-0.4879800080110359,0.7146464646464646,-0.3686399168528669,76.0,-0.9400254155788016,95.0,-0.3445478857885162,73.0,-0.5441954968548625,93.0,0.8409090909090909,97.0,0.0227272727272727,80.0,0.0,1.0,2.090909090909091,73.0,4.113636363636363,71.0,4.068181818181818,96.0,6.2727272727272725,49.0,2.522727272727273,98.0,5.318181818181818,79.0,6.318181818181818,73.0,6.863636363636363,48.0,6.909090909090909,58.0,6.681818181818182,20.0,4.681818181818182,57.0,3.8181818181818175,97.0,4.704545454545454,72.0,3.590909090909091,72.0,5.590909090909091,93.0,6.431818181818182,61.0,528.2045454545455,3.0,575.5,1.0,5446.5,1.0,434.09090909090907,33.0,2.5797648583659485,98.0,1.9773568492963045,11.0,11.592310106540852,77.0,6.278377362317551,10.0,12.518746227601138,33.0,13.974320800442689,38.0,26.87867500584629,58.0,25.05252976279543,8.0,0.3216277228567891,84.0,0.0,73.0,3.887444834875461,69.0,5.113803707232638,84.0
97.0,z-ai/glm-4-32b,-0.3885479986249401,-0.5013522562902454,0.775,-0.0472416799913347,63.0,-1.268973950281302,99.0,-0.4656804602783787,80.0,-0.7368590315771957,99.0,0.675,92.0,0.0,1.0,0.2,94.0,2.09375,72.0,5.5,48.0,4.5,93.0,7.78125,21.0,2.875,95.0,5.4375,77.0,5.84375,88.0,7.78125,18.0,5.5625,89.0,5.59375,46.0,3.125,91.0,6.03125,79.0,4.84375,71.0,3.25,76.0,3.28125,99.0,6.125,73.0,47.21875,98.0,31.90625,97.0,445.15625,61.0,271.6875,71.0,40.03951315677578,34.0,0.3955696202531645,48.0,8.593162763096553,89.0,1.223621427627794,81.0,23.87681670291317,10.0,17.824821931668527,26.0,31.724875056008912,31.0,8.15621188768376,90.0,1.0407253159938898,29.0,0.0789141414141414,60.0,9.600166228503038,4.0,6.682053591861783,67.0
98.0,moonshotai/kimi-k2-thinking,-0.4054742819074995,-0.4948160728362706,0.8194444444444444,-0.1162237094194876,68.0,-1.0932561482705705,98.0,-0.2493702295351096,67.0,-0.7260243805001119,98.0,0.525,88.0,0.025,81.0,0.1,90.0,2.057142857142857,74.0,4.171428571428572,68.0,4.142857142857143,95.0,7.628571428571429,25.0,2.2857142857142856,99.0,6.714285714285714,53.0,7.285714285714286,39.0,7.114285714285714,41.0,8.428571428571429,12.0,5.6,45.0,4.485714285714286,61.0,3.857142857142857,96.0,3.857142857142857,89.0,3.942857142857143,64.0,7.428571428571429,22.0,6.0285714285714285,76.0,71.13888888888889,88.0,51.083333333333336,74.0,364.19444444444446,81.0,346.52777777777777,49.0,16.527745219931212,77.0,0.4708097928436912,42.0,31.699193771202506,16.0,2.93198367270938,43.0,12.622299021414252,32.0,14.664592513083862,34.0,36.152725863480846,12.0,21.90665162033001,10.0,0.3688094880329291,83.0,0.1717270670390766,40.0,2.26700581893615,92.0,4.876254921493608,87.0
99.0,tencent/hunyuan-a13b-instruct,-0.4407664291954893,-0.4750775883544196,0.9277777777777778,-1.712092474484462,100.0,0.2836042495971064,39.0,0.0995985685274789,42.0,0.2655538375685115,33.0,0.2,71.0,0.025,81.0,0.025,73.0,2.290322580645161,60.0,1.1935483870967742,97.0,7.67741935483871,42.0,1.7419354838709675,99.0,5.580645161290323,56.0,2.870967741935484,99.0,6.774193548387097,56.0,3.806451612903226,99.0,5.096774193548387,94.0,4.580645161290323,78.0,5.709677419354839,35.0,5.870967741935484,84.0,6.741935483870968,32.0,6.580645161290323,22.0,6.967741935483871,47.0,7.580645161290323,20.0,71.35897435897436,87.0,45.02564102564103,84.0,281.05128205128204,96.0,495.4358974358975,19.0,53.38595592773019,10.0,0.3827018752391887,49.0,29.905751237348632,21.0,3.7150737216081167,28.0,15.075256382323204,25.0,24.071143183514483,14.0,24.405319023694187,69.0,15.858497006401771,39.0,0.6614724066451008,47.0,0.2668638586028276,30.0,2.2002167682444163,95.0,9.500862777531657,49.0
100.0,qwen/qwen3-vl-235b-a22b-thinking,-0.4981210580215916,-0.586024774143049,0.85,-1.016358263746139,94.0,-0.9731197218913764,96.0,-0.8918987307320227,96.0,-0.1566152585314796,67.0,0.45,85.0,0.0,1.0,0.025,73.0,2.8947368421052637,47.0,4.421052631578948,66.0,4.052631578947368,97.0,4.868421052631579,79.0,2.710526315789474,97.0,4.973684210526316,86.0,6.2105263157894735,80.0,5.631578947368421,85.0,5.789473684210527,84.0,3.1842105263157894,97.0,4.289473684210527,67.0,2.9473684210526314,98.0,4.0,86.0,5.7631578947368425,40.0,5.631578947368421,91.0,6.2631578947368425,69.0,97.84615384615384,65.0,53.15384615384615,68.0,622.2051282051282,33.0,219.2051282051282,84.0,33.058258837874654,49.0,0.3827018752391887,49.0,18.25417288051641,50.0,0.3222307446615747,98.0,1.6253404529985362,97.0,4.142918947350961,94.0,89.1846320757112,1.0,28.409118291644354,2.0,0.7795734847072531,34.0,0.736740510571457,11.0,2.127262685500567,96.0,3.995098574322778,93.0
